{
  "config": {
    "run_name": "exp1_4",
    "out_dir": "./results",
    "seed": 719822953,
    "device": null,
    "bs_train": 128,
    "bs_test": 32,
    "batches": 100,
    "epochs": 100,
    "early_stopping": 3,
    "checkpoints": null,
    "lr": 0.001,
    "reg": 0.001,
    "filters_per_layer": [
      64,
      128,
      256
    ],
    "pool_every": 8,
    "hidden_dims": [
      100
    ],
    "model_type": "cnn",
    "conv_params": null,
    "pooling_params": null,
    "kw": {},
    "layers_per_block": 4
  },
  "results": {
    "num_epochs": 0,
    "train_loss": [
      2.3038782906532287,
      2.303363351821899,
      2.3028522729873657,
      2.3028601956367494,
      2.302838537693024,
      2.3028986930847166,
      2.302734200954437,
      2.3026593279838563,
      2.302842025756836,
      2.3026554226875304,
      2.302630250453949,
      2.302765998840332,
      2.302734534740448,
      2.3026600003242494,
      2.302678129673004,
      2.302517809867859,
      2.302668709754944,
      2.302529113292694,
      2.3027321457862855,
      2.3026841354370116,
      2.3027274203300476,
      2.3028109574317934,
      2.3026633429527283,
      2.3026401829719543,
      2.3027039217948913,
      2.3026682686805726,
      2.302750754356384,
      2.3026764130592348,
      2.3027184438705444,
      2.3025297927856445,
      2.302524137496948,
      2.302652816772461,
      2.3028644704818726,
      2.3026248025894165,
      2.3027630496025084,
      2.3026551699638365,
      2.3027068901062013,
      2.3029214787483214,
      2.3026985573768615,
      2.3026390528678893,
      2.3027375459671022,
      2.3026707005500793,
      2.3026538610458376,
      2.302750782966614,
      2.3026839208602907,
      2.3027050948143004,
      2.30267076253891,
      2.3026175355911254,
      2.302738926410675,
      2.3026498627662657,
      2.302650604248047,
      2.3027005410194397,
      2.3026555943489075,
      2.30273108959198,
      2.3026386070251466,
      2.3026095390319825,
      2.3026579785346986,
      2.3026866054534914,
      2.302661027908325,
      2.3031667995452882,
      2.302751247882843,
      2.30283180475235,
      2.302807731628418,
      2.3032941675186156,
      2.3026592135429382,
      2.3027126002311706,
      2.3026042795181274,
      2.3027040934562684,
      2.3026795840263365,
      2.3028359818458557,
      2.3026548433303833,
      2.302770884037018,
      2.3026210379600527,
      2.3027413392066958,
      2.302685253620148,
      2.302692160606384,
      2.3025401830673218,
      2.3026373314857485,
      2.3027578806877136,
      2.3026907444000244,
      2.3027210021018982,
      2.3028219890594483,
      2.3027123832702636,
      2.3026453256607056,
      2.3026348471641542,
      2.302539803981781,
      2.3027809071540832,
      2.3026772332191467,
      2.3024964046478273,
      2.3028733205795286,
      2.302744498252869,
      2.3027136635780336,
      2.302700011730194,
      2.3027044582366942,
      2.303152060508728,
      2.302573611736298,
      2.30262451171875,
      2.30277400970459,
      2.302655329704285,
      2.3025468373298645
    ],
    "train_acc": [
      10.1171875,
      9.828125,
      9.7578125,
      10.234375,
      10.015625,
      9.75,
      9.8828125,
      10.34375,
      9.671875,
      10.0234375,
      10.1015625,
      9.671875,
      9.5546875,
      10.03125,
      9.96875,
      10.328125,
      10.25,
      10.3203125,
      10.015625,
      10.4140625,
      9.8671875,
      9.890625,
      10.1328125,
      10.1875,
      9.6484375,
      10.0625,
      9.8671875,
      10.2734375,
      9.7890625,
      10.3828125,
      10.4140625,
      10.1015625,
      9.8515625,
      10.1875,
      9.90625,
      10.0703125,
      10.4140625,
      10.4140625,
      10.453125,
      10.0546875,
      10.0703125,
      10.03125,
      10.2109375,
      10.140625,
      10.3046875,
      9.8203125,
      10.09375,
      10.3203125,
      9.921875,
      9.7578125,
      9.8515625,
      10.109375,
      10.0546875,
      9.703125,
      10.0390625,
      10.03125,
      10.0703125,
      9.9375,
      10.5703125,
      10.015625,
      10.59375,
      9.890625,
      10.1953125,
      10.734375,
      9.7890625,
      9.796875,
      10.078125,
      9.7734375,
      10.0625,
      10.5703125,
      10.1875,
      10.4375,
      9.8984375,
      10.0625,
      9.9296875,
      10.015625,
      10.7265625,
      9.75,
      9.7890625,
      10.21875,
      9.8828125,
      10.1328125,
      10.28125,
      10.203125,
      10.234375,
      10.484375,
      9.4296875,
      9.9921875,
      10.109375,
      10.0625,
      9.796875,
      9.9921875,
      10.3515625,
      9.5703125,
      10.765625,
      10.1875,
      9.8984375,
      9.7734375,
      9.6484375,
      10.3125
    ],
    "test_loss": [
      2.3044534397125243,
      2.3028851747512817,
      2.3025343918800356,
      2.3030028319358826,
      2.3026100111007692,
      2.3026120400428773,
      2.3024474287033083,
      2.302551498413086,
      2.302580373287201,
      2.3028056526184084,
      2.302736768722534,
      2.3027082180976866,
      2.3026056480407715,
      2.3027414155006407,
      2.30255952835083,
      2.302464413642883,
      2.3026345062255857,
      2.3024654889106753,
      2.3028332495689394,
      2.3027162456512453,
      2.3027033400535584,
      2.3027019476890564,
      2.3027540254592895,
      2.3027197742462158,
      2.3026853942871095,
      2.302788634300232,
      2.3025890159606934,
      2.302657468318939,
      2.302568552494049,
      2.3025596165657043,
      2.3025256037712096,
      2.3051465344429016,
      2.3026874709129332,
      2.3024940514564514,
      2.3025425410270692,
      2.30250962972641,
      2.30250741481781,
      2.30255934715271,
      2.3025383734703064,
      2.3026440596580504,
      2.3025364232063295,
      2.3026721596717836,
      2.302844183444977,
      2.3026429915428164,
      2.3026992416381837,
      2.3026701998710633,
      2.3027083611488344,
      2.302785277366638,
      2.302681181430817,
      2.302693407535553,
      2.3026575112342833,
      2.302651104927063,
      2.3026187658309936,
      2.302552616596222,
      2.3025820541381834,
      2.302722144126892,
      2.3026447033882143,
      2.302718598842621,
      2.302701735496521,
      2.302770915031433,
      2.3028968524932862,
      2.3031815218925478,
      2.302550661563873,
      2.302644534111023,
      2.3026085257530213,
      2.3025654482841493,
      2.302627387046814,
      2.302647626399994,
      2.3027080845832826,
      2.3026669073104857,
      2.30271879196167,
      2.3028778767585756,
      2.3027758860588072,
      2.3027021169662474,
      2.302637450695038,
      2.3024515748023986,
      2.3023927116394045,
      2.3023768973350527,
      2.3024317121505735,
      2.302485690116882,
      2.3024953770637513,
      2.302541015148163,
      2.3024719405174254,
      2.302405412197113,
      2.3024197363853456,
      2.3025634717941283,
      2.3025232458114626,
      2.30250501871109,
      2.3025137257575987,
      2.3026175475120545,
      2.3026610684394835,
      2.3026166796684264,
      2.302528121471405,
      2.3026271629333497,
      2.3026904368400576,
      2.3027010273933413,
      2.3028119468688963,
      2.3027216005325317,
      2.3026260256767275,
      2.302684519290924
    ],