{
  "config": {
    "run_name": "exp1_2",
    "out_dir": "./results",
    "seed": 843685985,
    "device": null,
    "bs_train": 128,
    "bs_test": 32,
    "batches": 100,
    "epochs": 100,
    "early_stopping": 3,
    "checkpoints": null,
    "lr": 0.001,
    "reg": 0.001,
    "filters_per_layer": [
      32
    ],
    "pool_every": 8,
    "hidden_dims": [
      100
    ],
    "model_type": "cnn",
    "conv_params": null,
    "pooling_params": null,
    "kw": {},
    "layers_per_block": 2
  },
  "results": {
    "num_epochs": 0,
    "train_loss": [
      1.8102152252197266,
      1.4854939043521882,
      1.3831878125667572,
      1.2974487507343293,
      1.2691452062129975,
      1.2043949747085572,
      1.1727363079786302,
      1.131108563542366,
      1.0921928650140762,
      1.0631975758075713,
      1.0376659196615219,
      1.0326704055070877,
      0.994515728354454,
      0.9745751881599426,
      0.959623075723648,
      0.937181475162506,
      0.9038447576761246,
      0.8855168491601944,
      0.8707727420330048,
      0.8707586926221847,
      0.8275673282146454,
      0.8283626198768616,
      0.7927157479524612,
      0.8071119111776351,
      0.7905629914999008,
      0.7556074571609497,
      0.7470280092954635,
      0.716127232015133,
      0.7212437868118287,
      0.7032060360908509,
      0.6926690083742142,
      0.6927158895134926,
      0.6659480306506157,
      0.6505590036511422,
      0.6421400660276413,
      0.6180676716566086,
      0.6355657038092614,
      0.6127495682239532,
      0.5974558046460152,
      0.5774628469347953,
      0.5557955369353295,
      0.548033113181591,
      0.5425982984900475,
      0.5185464283823967,
      0.5052338162064552,
      0.5138826072216034,
      0.5019118744134903,
      0.48944983780384066,
      0.496816902756691,
      0.4761565804481506,
      0.45589750707149507,
      0.4548804196715355,
      0.4410794699192047,
      0.46499753728508947,
      0.4305150881409645,
      0.41772830456495286,
      0.4058770814538002,
      0.4087259539961815,
      0.38422259986400603,
      0.38815394654870033,
      0.400308551043272,
      0.39621118903160096,
      0.3739795097708702,
      0.36193799689412115,
      0.3616554182767868,
      0.34827729284763337,
      0.33377124965190885,
      0.3371826700866222,
      0.3425885216891766,
      0.34733783021569253,
      0.33051884412765503,
      0.31810845762491224,
      0.3248403619229794,
      0.31395096704363823,
      0.3220232203602791,
      0.3152024908363819,
      0.29917280524969103,
      0.29366388186812403,
      0.296213451474905,
      0.28313555315136907,
      0.28672522321343424,
      0.2878934869170189,
      0.2793805147707462,
      0.29256334125995637,
      0.28032053261995316,
      0.27055280670523646,
      0.2809271615743637,
      0.26531207546591756,
      0.26111265070736406,
      0.25654107704758644,
      0.25698587074875834,
      0.24785996854305267,
      0.27680085837841034,
      0.2595123049616814,
      0.24898849815130233,
      0.24875577941536903,
      0.24185370817780494,
      0.23304787337779997,
      0.24033310115337372,
      0.23328431136906147
    ],
    "train_acc": [
      36.8125,
      48.5625,
      52.1328125,
      56.03125,
      56.8203125,
      59.3203125,
      61.1875,
      62.90625,
      63.4296875,
      65.0234375,
      65.9296875,
      66.1796875,
      67.8828125,
      68.6640625,
      69.40625,
      70.46875,
      71.7578125,
      72.296875,
      73.2734375,
      73.0078125,
      74.484375,
      74.3828125,
      76.328125,
      75.8046875,
      76.1484375,
      77.7578125,
      78.0625,
      79.265625,
      78.75,
      79.4921875,
      80.3125,
      80.6015625,
      81.25,
      81.765625,
      81.96875,
      83.3671875,
      83.1640625,
      83.6015625,
      84.3125,
      84.8359375,
      86.0390625,
      86.3046875,
      86.4609375,
      87.40625,
      87.859375,
      87.703125,
      87.890625,
      88.3515625,
      88.2265625,
      88.53125,
      89.7265625,
      89.78125,
      90.46875,
      89.5078125,
      90.8046875,
      90.890625,
      91.359375,
      91.5390625,
      92.3671875,
      92.3828125,
      91.8125,
      92.328125,
      92.5546875,
      93.3359375,
      93.2109375,
      93.796875,
      94.0546875,
      94.03125,
      93.90625,
      93.6171875,
      94.4296875,
      94.8828125,
      94.2734375,
      95.0,
      94.90625,
      94.8828125,
      95.3203125,
      95.5703125,
      95.28125,
      95.8125,
      95.6796875,
      95.625,
      95.765625,
      95.5,
      96.2578125,
      96.21875,
      96.0625,
      96.2578125,
      96.6015625,
      96.421875,
      96.5625,
      96.8515625,
      96.2734375,
      96.5390625,
      96.859375,
      97.0078125,
      97.015625,
      97.3359375,
      97.2109375,
      97.453125
    ],
    "test_loss": [
      1.5450080049037933,
      1.471310200691223,
      1.3119958728551864,
      1.2690077501535415,
      1.2474277943372727,
      1.2076901811361314,
      1.1856223994493484,
      1.2336471408605576,
      1.1711350852251052,
      1.1287624436616897,
      1.129607475399971,
      1.1083741724491118,
      1.1349728059768678,
      1.088839734196663,
      1.0682261151075363,
      1.0525608259439467,
      1.0478038585186005,
      1.042622622847557,
      1.0874544423818588,
      1.0401236820220947,
      1.032906375527382,
      1.0499086505174637,
      1.0105042761564256,
      1.0384032398462295,
      1.017809289097786,
      1.0509910160303115,
      1.0356174832582474,
      1.0514683681726456,
      1.0634168416261673,
      1.0738193136453629,
      1.0639417034387588,
      1.026887647509575,
      1.0663407784700394,
      1.02433718085289,
      1.063322148323059,
      1.0949346607923507,
      1.0408877164125443,
      1.0522995316982269,
      1.0558928805589676,
      1.0708712023496627,
      1.056528435945511,
      1.0666815859079362,
      1.0627101254463196,
      1.0942905306816102,
      1.1347999987006188,
      1.1133314323425294,
      1.1240813308954238,
      1.1169715085625649,
      1.0867714244127273,
      1.0837344574928283,
      1.0846942642331123,
      1.1409975564479828,
      1.1057622945308685,
      1.14482041567564,
      1.0980943980813027,
      1.1212687769532204,
      1.150328728556633,
      1.1300642481446266,
      1.1696537005901337,
      1.1759196150302886,
      1.1786724883317947,
      1.1661695685982705,
      1.1722342997789383,
      1.219129332304001,
      1.1983499038219452,
      1.1963513916730881,
      1.205825628042221,
      1.2195458152890206,
      1.2122405225038528,
      1.2723986718058586,
      1.2320186179876327,
      1.2804200804233552,
      1.2418485033512114,
      1.3121013888716697,
      1.2745943918824196,
      1.3736819344758988,
      1.2919168210029601,
      1.2478235048055648,
      1.3034960079193114,
      1.2773320379853248,
      1.315427203774452,
      1.3777801263332368,
      1.406876851916313,
      1.320156034231186,
      1.3276851060986519,
      1.3528176140785217,
      1.3081627321243285,
      1.3400714632868767,
      1.3338284927606583,
      1.3581793183088302,
      1.3451110410690308,
      1.3695024555921556,
      1.3398103550076486,
      1.362279694378376,
      1.319083248078823,
      1.3945404049754142,
      1.3870484939217567,
      1.3720411461591722,
      1.434985680580139,
      1.411054674386978
    ],