{
  "config": {
    "run_name": "exp1_1",
    "out_dir": "./results",
    "seed": 61302687,
    "device": null,
    "bs_train": 128,
    "bs_test": 32,
    "batches": 100,
    "epochs": 100,
    "early_stopping": 3,
    "checkpoints": null,
    "lr": 0.001,
    "reg": 0.001,
    "filters_per_layer": [
      32
    ],
    "pool_every": 2,
    "hidden_dims": [
      100
    ],
    "model_type": "cnn",
    "conv_params": null,
    "pooling_params": null,
    "kw": {},
    "layers_per_block": 2
  },
  "results": {
    "num_epochs": 0,
    "train_loss": [
      1.9689042592048644,
      1.6280809652805328,
      1.4385118663311005,
      1.3769482266902924,
      1.274342312812805,
      1.259343603849411,
      1.1983568900823593,
      1.1649055689573289,
      1.1189141362905501,
      1.0838118207454681,
      1.0727191197872161,
      1.0422349548339844,
      1.0074187862873076,
      0.9882366079092025,
      0.9618203109502792,
      0.96214768409729,
      0.9362216287851334,
      0.9063728195428848,
      0.90015416264534,
      0.8855262011289596,
      0.8579278510808944,
      0.8491727030277252,
      0.8511179077625275,
      0.8341176480054855,
      0.8098147052526474,
      0.811190013885498,
      0.7914935916662216,
      0.7923963463306427,
      0.7739923560619354,
      0.7704576587677002,
      0.7428846794366837,
      0.7383733719587326,
      0.7427317386865616,
      0.7228520518541336,
      0.718802804350853,
      0.7098755380511284,
      0.6944734588265419,
      0.7010038647055626,
      0.6856108736991883,
      0.6579176008701324,
      0.6465032142400742,
      0.6440632626414299,
      0.6422622820734978,
      0.645828649699688,
      0.6260368159413338,
      0.6205598556995392,
      0.6026214316487313,
      0.5897186282277107,
      0.5970394501090049,
      0.5959926363825798,
      0.5748071420192719,
      0.5695805388689041,
      0.5673643866181374,
      0.557863961160183,
      0.5408906701207161,
      0.5552318722009659,
      0.5379724854230881,
      0.5359847807884216,
      0.5251686438918114,
      0.5185470342636108,
      0.528697055876255,
      0.5042201942205429,
      0.47903587520122526,
      0.48975632935762403,
      0.47150625824928283,
      0.47124396681785585,
      0.46010336101055144,
      0.4607957661151886,
      0.45552968174219133,
      0.4452861388027668,
      0.4506691938638687,
      0.4343163934350014,
      0.43007559567689896,
      0.4162654532492161,
      0.4121866500377655,
      0.41281096190214156,
      0.4130286234617233,
      0.39549591243267057,
      0.3975828829407692,
      0.3851853805780411,
      0.3991129027307034,
      0.3802106091380119,
      0.3752562044560909,
      0.38857561856508255,
      0.35945483833551406,
      0.3793269869685173,
      0.37061780124902727,
      0.3576841425895691,
      0.3617048704624176,
      0.3533094519376755,
      0.34746629267930984,
      0.3436137330532074,
      0.34119177490472796,
      0.33454907849431037,
      0.3355672676861286,
      0.3277578590810299,
      0.32433882877230646,
      0.3124857425689697,
      0.30932995304465294,
      0.31625523447990417
    ],
    "train_acc": [
      30.0078125,
      42.4765625,
      49.6953125,
      52.4296875,
      55.5625,
      56.4921875,
      58.984375,
      59.953125,
      61.609375,
      63.15625,
      63.6875,
      65.28125,
      66.3671875,
      67.1328125,
      68.1875,
      67.6875,
      68.6484375,
      69.7265625,
      70.03125,
      71.3671875,
      71.6328125,
      72.515625,
      71.921875,
      73.03125,
      73.4296875,
      73.921875,
      73.8125,
      74.6875,
      75.109375,
      75.1875,
      76.203125,
      76.6328125,
      75.953125,
      76.671875,
      77.3203125,
      77.578125,
      77.9609375,
      78.328125,
      78.34375,
      79.4375,
      79.7109375,
      80.3125,
      79.9609375,
      79.7578125,
      80.953125,
      81.0625,
      81.2890625,
      82.078125,
      82.015625,
      82.453125,
      82.7421875,
      82.9453125,
      83.171875,
      83.6015625,
      83.9921875,
      83.4921875,
      84.203125,
      84.4296875,
      84.921875,
      85.0390625,
      84.8359375,
      85.15625,
      86.296875,
      86.1640625,
      86.6640625,
      86.75,
      87.140625,
      87.1796875,
      87.421875,
      87.84375,
      87.7421875,
      88.203125,
      88.84375,
      88.65625,
      88.8984375,
      89.09375,
      89.1171875,
      89.671875,
      89.4765625,
      89.9609375,
      89.578125,
      90.2109375,
      90.578125,
      90.0546875,
      90.9609375,
      90.140625,
      90.6640625,
      91.265625,
      91.15625,
      91.453125,
      91.4453125,
      91.71875,
      91.7109375,
      91.8828125,
      92.1953125,
      92.234375,
      92.6875,
      92.6484375,
      92.8671875,
      92.5859375
    ],
    "test_loss": [
      1.7749053132534027,
      1.5019361984729767,
      1.4107043659687042,
      1.2970279681682586,
      1.2726289451122283,
      1.2310785418748855,
      1.2036355447769165,
      1.162142994403839,
      1.1340277892351152,
      1.121015487909317,
      1.0907070243358612,
      1.0967403757572174,
      1.075214051604271,
      1.0423825550079346,
      1.0443867045640944,
      1.0501923948526382,
      1.0132456594705581,
      1.0224259954690933,
      1.0451679557561875,
      0.9904545533657074,
      1.0111249327659606,
      0.9858190214633942,
      1.0169287145137786,
      0.9864349204301834,
      0.9736988121271133,
      1.0098558264970778,
      0.9773976635932923,
      0.9666200613975525,
      0.9804191261529922,
      1.0080876570940018,
      0.9691893279552459,
      0.9628309619426727,
      0.955506083369255,
      0.966926526427269,
      0.9544087499380112,
      0.9793312817811965,
      0.9866996192932129,
      0.976677401959896,
      1.0078134471178055,
      1.008703452348709,
      0.9705945533514023,
      0.980840799510479,
      1.0366527074575425,
      0.9779759901762008,
      0.9746001547574997,
      0.9874594926834106,
      0.9728012138605118,
      1.0078676187992095,
      1.028170570731163,
      0.980650594830513,
      1.0025589317083359,
      1.0019128280878067,
      0.9918209719657898,
      0.9789732354879379,
      0.999845705628395,
      0.9971099215745926,
      1.0307869082689285,
      1.0161742043495179,
      1.0022555947303773,
      0.9875078970193862,
      1.0574406945705415,
      1.1000260078907014,
      1.0737750822305678,
      1.0617542260885238,
      1.044987980723381,
      1.0198205491900445,
      1.0343857085704804,
      1.046124400496483,
      1.0459686142206193,
      1.0711348122358322,
      1.0437873309850694,
      1.0728922975063324,
      1.1104081273078918,
      1.1382199400663375,
      1.105059308707714,
      1.0919213962554932,
      1.1269733619689941,
      1.144787311553955,
      1.0836040139198304,
      1.1174890553951264,
      1.1273536080121993,
      1.1718007299304007,
      1.1355205184221269,
      1.195346920490265,
      1.1489463222026826,
      1.1712597900629043,
      1.1437418121099472,
      1.1856154936552048,
      1.1999451339244842,
      1.2207113122940063,
      1.2114561587572097,
      1.1712740767002106,
      1.1906620833277701,
      1.1922567373514175,
      1.2083551126718521,
      1.221374028325081,
      1.2291560074687005,
      1.1909991031885148,
      1.2005917674303055,
      1.2222858196496964
    ],