{
  "config": {
    "run_name": "exp1_4",
    "out_dir": "./results",
    "seed": 1962828819,
    "device": null,
    "bs_train": 128,
    "bs_test": 32,
    "batches": 100,
    "epochs": 100,
    "early_stopping": 3,
    "checkpoints": null,
    "lr": 0.001,
    "reg": 0.001,
    "filters_per_layer": [
      64,
      128,
      256
    ],
    "pool_every": 32,
    "hidden_dims": [
      100
    ],
    "model_type": "cnn",
    "conv_params": null,
    "pooling_params": null,
    "kw": {},
    "layers_per_block": 2
  },
  "results": {
    "num_epochs": 0,
    "train_loss": [
      2.0788869678974153,
      1.8416882979869842,
      1.6696208441257476,
      1.5292562186717986,
      1.4650922846794128,
      1.373620215654373,
      1.323771744966507,
      1.2605791771411896,
      1.216299124956131,
      1.1785021954774857,
      1.1213634091615676,
      1.1048855519294738,
      1.0819495505094527,
      1.0487292695045471,
      1.026220247745514,
      1.010466966032982,
      0.9814305180311202,
      0.9769507491588593,
      0.9596262055635453,
      0.9078608512878418,
      0.8894965940713883,
      0.8905333143472671,
      0.8621181732416153,
      0.8330743509531021,
      0.8449133163690568,
      0.8103332555294037,
      0.7959597426652908,
      0.7874040937423706,
      0.773077996969223,
      0.7527482032775878,
      0.7164197874069214,
      0.7025472611188889,
      0.6996482026576996,
      0.689981914460659,
      0.6671997743844986,
      0.6424141308665275,
      0.6256865751743317,
      0.6165235158801079,
      0.6121915352344512,
      0.5816778615117073,
      0.5428699496388435,
      0.5479478573799134,
      0.5207266420125961,
      0.5078980734944344,
      0.49655416160821914,
      0.4834251281619072,
      0.455400387942791,
      0.44826751679182053,
      0.46058170616626737,
      0.420826425999403,
      0.41146878063678743,
      0.39687687501311303,
      0.3887193077802658,
      0.3650359696149826,
      0.3619585220515728,
      0.34805047541856765,
      0.33962523460388183,
      0.3290810194611549,
      0.29607723459601404,
      0.3122155559062958,
      0.30728514194488527,
      0.3123832805454731,
      0.3004915863275528,
      0.29561439096927644,
      0.27161189138889313,
      0.2773295421898365,
      0.2763800586760044,
      0.26111804887652396,
      0.2603359618782997,
      0.2467294980585575,
      0.25486399814486504,
      0.2475844645500183,
      0.2356245070695877,
      0.24603152669966222,
      0.23286575689911843,
      0.23155308559536933,
      0.24922680288553237,
      0.2279679247736931,
      0.22060667000710965,
      0.218848837018013,
      0.21654623486101626,
      0.224423950240016,
      0.21413091905415058,
      0.21285468615591527,
      0.2297266437113285,
      0.2084073992073536,
      0.1890547303855419,
      0.20438271313905715,
      0.18141800336539746,
      0.19270750120282173,
      0.20172846496105193,
      0.1932754335552454,
      0.1886171219497919,
      0.20030387859791518,
      0.1867725446075201,
      0.18907231599092483,
      0.18033667728304864,
      0.18293554835021497,
      0.18529632046818734,
      0.1861146944388747
    ],
    "train_acc": [
      25.3125,
      34.921875,
      41.3671875,
      45.765625,
      47.953125,
      52.296875,
      54.3046875,
      56.7421875,
      58.4453125,
      59.859375,
      62.65625,
      62.9296875,
      64.4140625,
      65.515625,
      65.8359375,
      67.3203125,
      68.21875,
      68.484375,
      68.984375,
      70.9921875,
      72.5234375,
      72.59375,
      73.1796875,
      74.15625,
      74.296875,
      75.3359375,
      76.390625,
      76.4921875,
      76.71875,
      77.5859375,
      79.046875,
      80.1640625,
      80.2890625,
      80.65625,
      81.6640625,
      82.5703125,
      83.03125,
      83.3828125,
      83.828125,
      85.3125,
      86.453125,
      86.2734375,
      87.890625,
      87.765625,
      88.3671875,
      88.9375,
      89.984375,
      90.2421875,
      89.9453125,
      91.125,
      91.5078125,
      92.0859375,
      92.4921875,
      93.1953125,
      93.546875,
      94.0078125,
      94.421875,
      94.4140625,
      95.3671875,
      95.109375,
      95.3828125,
      95.21875,
      95.375,
      95.4296875,
      96.3046875,
      96.234375,
      96.234375,
      96.53125,
      96.5859375,
      97.1796875,
      96.7734375,
      96.9296875,
      97.5390625,
      97.0390625,
      97.5703125,
      97.3515625,
      97.0546875,
      97.28125,
      97.8984375,
      97.859375,
      97.6484375,
      97.7578125,
      97.84375,
      97.9921875,
      97.2578125,
      97.875,
      98.3828125,
      98.0703125,
      98.5390625,
      98.2109375,
      98.3984375,
      98.2734375,
      98.40625,
      98.171875,
      98.5078125,
      98.5234375,
      98.6328125,
      98.578125,
      98.640625,
      98.625
    ],
    "test_loss": [
      1.9260179150104522,
      1.7665459752082824,
      1.5700469326972961,
      1.5109054243564606,
      1.3821834206581116,
      1.3604299110174178,
      1.277057945728302,
      1.2682464945316314,
      1.2190771317481994,
      1.1718988066911697,
      1.162161681652069,
      1.2024858218431473,
      1.1227897942066192,
      1.1945963203907013,
      1.1331392043828965,
      1.0807689177989959,
      1.1193773645162581,
      1.0884683954715728,
      1.096856632232666,
      1.0617163109779357,
      1.0748004281520844,
      1.065419231057167,
      1.0460064214468003,
      1.0560588556528092,
      1.0669923931360246,
      1.0771576523780824,
      1.066774640083313,
      1.039206903576851,
      1.0658338397741318,
      1.0611196428537368,
      1.0151142185926438,
      1.1961772167682647,
      1.0629776281118393,
      1.0368136775493622,
      1.1262326961755753,
      1.1228009927272797,
      1.1797251439094543,
      1.3156603002548217,
      1.1198944234848023,
      1.1144146186113357,
      1.1204832243919371,
      1.1507422244548797,
      1.1169475996494294,
      1.134423744082451,
      1.175252870321274,
      1.2400267127156257,
      1.191719297170639,
      1.2288680529594422,
      1.2143642842769622,
      1.1608485352993012,
      1.25036513119936,
      1.3156579554080963,
      1.286757035255432,
      1.341478364467621,
      1.4784760582447052,
      1.3784228336811066,
      1.3811800122261046,
      1.379936130642891,
      1.415626618862152,
      1.4142177772521973,
      1.4660813504457473,
      1.4287687623500824,
      1.3810087883472442,
      1.391991621851921,
      1.6303261041641235,
      1.5502293640375138,
      1.4182286936044692,
      1.552702562212944,
      1.4364384943246842,
      1.5198040813207627,
      1.6543203371763229,
      1.5933849179744721,
      1.5784222161769867,
      1.5464749723672866,
      1.529719696044922,
      1.534853881597519,
      1.5715564143657685,
      1.4947793382406234,
      1.6847446906566619,
      1.6728723496198654,
      1.5976851391792297,
      1.696173793077469,
      1.571629775762558,
      1.6790147471427916,
      1.5740006291866302,
      1.585747117996216,
      1.8341121554374695,
      1.7033484548330307,
      1.8373403590917587,
      1.7936949944496154,
      1.862542228102684,
      1.5970234513282775,
      1.718715450167656,
      1.7110605043172837,
      1.6647589123249054,
      1.7871741634607314,
      1.6887711519002915,
      1.6811633396148682,
      1.69373963534832,
      1.7580373144149781
    ],