{
  "config": {
    "run_name": "exp1_4",
    "out_dir": "./results",
    "seed": 1217016795,
    "device": null,
    "bs_train": 128,
    "bs_test": 32,
    "batches": 100,
    "epochs": 100,
    "early_stopping": 3,
    "checkpoints": null,
    "lr": 0.001,
    "reg": 0.001,
    "filters_per_layer": [
      32
    ],
    "pool_every": 32,
    "hidden_dims": [
      100
    ],
    "model_type": "cnn",
    "conv_params": null,
    "pooling_params": null,
    "kw": {},
    "layers_per_block": 32
  },
  "results": {
    "num_epochs": 0,
    "train_loss": [
      2.3044671535491945,
      2.303149359226227,
      2.303186936378479,
      2.3030009388923647,
      2.3026330733299254,
      2.302845284938812,
      2.302766568660736,
      2.3026023578643797,
      2.3027099776268005,
      2.3027596473693848,
      2.3026511549949644,
      2.3025842761993407,
      2.302769269943237,
      2.3027596926689147,
      2.302716534137726,
      2.302760181427002,
      2.3026875042915345,
      2.3026507234573366,
      2.302618057727814,
      2.3025261306762697,
      2.3027034497261045,
      2.30254460811615,
      2.302615268230438,
      2.302741069793701,
      2.3027669763565064,
      2.3026172423362734,
      2.3026911854743957,
      2.3026379132270813,
      2.302731499671936,
      2.302657492160797,
      2.3026989340782165,
      2.302654628753662,
      2.302569043636322,
      2.3026228022575377,
      2.3027340149879456,
      2.3026318645477293,
      2.3026133823394774,
      2.302777659893036,
      2.3026398754119874,
      2.302678654193878,
      2.3027078032493593,
      2.3027025151252745,
      2.3027058482170104,
      2.3026396226882935,
      2.30268851518631,
      2.302697079181671,
      2.302648584842682,
      2.3026076483726503,
      2.3027329659461975,
      2.302675838470459,
      2.3027322268486023,
      2.3026435708999635,
      2.302674946784973,
      2.3026276540756228,
      2.302664353847504,
      2.3025872468948365,
      2.302749366760254,
      2.3027568101882934,
      2.3026737141609193,
      2.3026384782791136,
      2.302751133441925,
      2.3026677680015566,
      2.302639479637146,
      2.302702760696411,
      2.302669038772583,
      2.302696957588196,
      2.3027029061317443,
      2.3026712226867674,
      2.302680978775024,
      2.3027694845199584,
      2.3028588676452637,
      2.3027364683151244,
      2.3026461887359617,
      2.3027446174621584,
      2.302635335922241,
      2.3026371097564695,
      2.302766306400299,
      2.302581310272217,
      2.3028353667259216,
      2.302781047821045,
      2.3027373433113096,
      2.3026754117012023,
      2.302626922130585,
      2.3026992797851564,
      2.3025918126106264,
      2.3027081418037416,
      2.3027779936790465,
      2.3026766419410705,
      2.3026753759384153,
      2.3026817989349366,
      2.302690863609314,
      2.3026305079460143,
      2.302655954360962,
      2.302709276676178,
      2.3026248455047607,
      2.3025781679153443,
      2.3027734994888305,
      2.3025008702278136,
      2.3027522015571593,
      2.302666413784027
    ],
    "train_acc": [
      10.0546875,
      9.5703125,
      10.125,
      9.78125,
      9.9453125,
      10.03125,
      9.8125,
      9.6328125,
      9.7890625,
      10.265625,
      10.265625,
      9.9765625,
      9.796875,
      9.984375,
      10.1484375,
      9.7734375,
      9.796875,
      9.921875,
      9.96875,
      10.34375,
      10.1640625,
      10.3515625,
      10.0234375,
      9.9453125,
      9.9296875,
      10.140625,
      9.9921875,
      10.25,
      9.9296875,
      9.7265625,
      10.2734375,
      9.7421875,
      10.09375,
      10.171875,
      10.09375,
      9.875,
      9.921875,
      9.59375,
      10.125,
      10.0390625,
      9.9453125,
      9.9921875,
      10.03125,
      10.1953125,
      10.015625,
      9.7578125,
      10.078125,
      9.9921875,
      10.2109375,
      10.28125,
      9.7890625,
      9.734375,
      9.9453125,
      10.015625,
      10.15625,
      9.9375,
      9.890625,
      9.7421875,
      10.0234375,
      9.4921875,
      9.6015625,
      9.875,
      9.984375,
      10.0703125,
      9.9375,
      9.453125,
      10.0234375,
      9.609375,
      10.140625,
      9.5234375,
      9.921875,
      10.0078125,
      9.75,
      9.640625,
      10.0,
      10.265625,
      10.1640625,
      9.6875,
      10.1640625,
      9.546875,
      9.90625,
      9.90625,
      10.0078125,
      10.296875,
      10.2734375,
      9.8828125,
      9.734375,
      10.0625,
      9.8671875,
      9.2734375,
      9.7265625,
      10.3359375,
      10.015625,
      9.8203125,
      9.953125,
      10.0,
      9.953125,
      9.96875,
      9.8125,
      10.0234375
    ],
    "test_loss": [
      2.3034075021743776,
      2.302640450000763,
      2.302653851509094,
      2.302535796165466,
      2.302616631984711,
      2.3025508880615235,
      2.302546193599701,
      2.3025706219673157,
      2.3025828528404237,
      2.302672505378723,
      2.302728817462921,
      2.3028083181381227,
      2.3026948976516723,
      2.302713439464569,
      2.302664213180542,
      2.3025581669807433,
      2.3025895595550536,
      2.302611479759216,
      2.3026110124588013,
      2.302526910305023,
      2.3025060892105103,
      2.302430799007416,
      2.3024451541900635,
      2.30242614030838,
      2.3025509977340697,
      2.3025353956222534,
      2.3025032234191896,
      2.3024541306495667,
      2.302602186203003,
      2.302575423717499,
      2.3025528836250304,
      2.302601420879364,
      2.3026591777801513,
      2.3027132248878477,
      2.3027042245864866,
      2.3027580046653746,
      2.3026143765449523,
      2.302640228271484,
      2.3025531911849977,
      2.3024533772468567,
      2.3025176119804383,
      2.30264093875885,
      2.302619481086731,
      2.302576503753662,
      2.302630133628845,
      2.3026031708717345,
      2.3025774002075194,
      2.3026621556282043,
      2.3026058053970337,
      2.30265775680542,
      2.3026724815368653,
      2.302665214538574,
      2.3026253175735474,
      2.3025715470314028,
      2.302665810585022,
      2.302570559978485,
      2.3026234030723574,
      2.3025966715812682,
      2.302582128047943,
      2.3027204346656798,
      2.3025782465934754,
      2.302602927684784,
      2.3026548862457275,
      2.3027900075912475,
      2.302614004611969,
      2.302713096141815,
      2.302637424468994,
      2.302518780231476,
      2.3024205803871154,
      2.302570095062256,
      2.3025368356704714,
      2.3026277232170105,
      2.3026034379005433,
      2.3026459336280825,
      2.3026686239242555,
      2.302608208656311,
      2.3025916504859922,
      2.3026547479629516,
      2.302468066215515,
      2.3025957131385804,
      2.302738215923309,
      2.30255441904068,
      2.3035515356063843,
      2.3024542808532713,
      2.3025610613822938,
      2.30275691986084,
      2.3027415609359743,
      2.3027435684204103,
      2.302708110809326,
      2.3026605820655823,
      2.302804412841797,
      2.3027581214904784,
      2.302773160934448,
      2.3027183604240418,
      2.302467622756958,
      2.302410502433777,
      2.3024307465553284,
      2.3024367189407347,
      2.302484641075134,
      2.302550914287567
    ],