{
  "config": {
    "run_name": "exp1_1",
    "out_dir": "./results",
    "seed": 1031619066,
    "device": null,
    "bs_train": 128,
    "bs_test": 32,
    "batches": 100,
    "epochs": 100,
    "early_stopping": 3,
    "checkpoints": null,
    "lr": 0.001,
    "reg": 0.001,
    "filters_per_layer": [
      32
    ],
    "pool_every": 2,
    "hidden_dims": [
      100
    ],
    "model_type": "cnn",
    "conv_params": null,
    "pooling_params": null,
    "kw": {},
    "layers_per_block": 4
  },
  "results": {
    "num_epochs": 0,
    "train_loss": [
      2.069649829864502,
      1.724294593334198,
      1.5923221278190614,
      1.4983598709106445,
      1.4458870577812195,
      1.376154294013977,
      1.317971509695053,
      1.2833185660839082,
      1.2350015354156494,
      1.1854312741756439,
      1.1483527195453644,
      1.1123132759332657,
      1.1117637467384338,
      1.0714102560281753,
      1.0281561648845672,
      1.0198890459537506,
      1.001030321121216,
      0.9776874840259552,
      0.9576270073652268,
      0.947164176106453,
      0.9345928788185119,
      0.9002243381738663,
      0.8837808084487915,
      0.8990767407417297,
      0.8500366246700287,
      0.8394129759073258,
      0.8258091378211975,
      0.8049745386838913,
      0.8061031460762024,
      0.7907168525457382,
      0.7571238148212432,
      0.778590407371521,
      0.7422548049688339,
      0.738052431344986,
      0.7063708359003067,
      0.7122016102075577,
      0.7164403033256531,
      0.6747781503200531,
      0.6785912826657295,
      0.6690697661042213,
      0.6488356235623359,
      0.6383660253882408,
      0.6503915843367577,
      0.6329825702309608,
      0.6262143689393997,
      0.6054542037844658,
      0.6067157787084579,
      0.579687072634697,
      0.6063539111614227,
      0.5755861213803292,
      0.5641912171244621,
      0.5530985903739929,
      0.5603541374206543,
      0.559892651438713,
      0.5466032466292381,
      0.5077083024382592,
      0.5194219905138016,
      0.5217282408475876,
      0.5081059339642525,
      0.49653743237257003,
      0.497124437391758,
      0.5079758936166763,
      0.4595305660367012,
      0.47942129015922547,
      0.48065121591091153,
      0.46978326842188833,
      0.458065328001976,
      0.43970652893185613,
      0.4556493830680847,
      0.4360830596089363,
      0.4279354675114155,
      0.4225790777802467,
      0.4239759576320648,
      0.40156602054834367,
      0.3970056812465191,
      0.39447434812784193,
      0.396850308328867,
      0.405832683891058,
      0.40203132018446924,
      0.382923835515976,
      0.3797258625924587,
      0.3874115240573883,
      0.37947442471981047,
      0.37019507452845574,
      0.34529453188180925,
      0.3468483416736126,
      0.3495298869907856,
      0.3446631993353367,
      0.3388378383219242,
      0.3467001298069954,
      0.33101839274168016,
      0.31502799659967423,
      0.31839518159627916,
      0.3099584296345711,
      0.32946967586874965,
      0.30761997058987617,
      0.3287503834068775,
      0.32011833757162095,
      0.2868482372164726,
      0.2909569327533245
    ],
    "train_acc": [
      24.0859375,
      38.578125,
      43.1328125,
      46.8984375,
      48.8984375,
      51.4765625,
      53.34375,
      55.375,
      57.0625,
      59.375,
      60.6640625,
      62.3203125,
      62.0234375,
      64.0234375,
      65.15625,
      65.171875,
      65.7265625,
      67.0,
      68.1484375,
      68.578125,
      69.1953125,
      70.0390625,
      70.2578125,
      70.484375,
      72.015625,
      72.2734375,
      72.875,
      73.3359375,
      73.703125,
      73.8671875,
      75.3046875,
      74.546875,
      76.15625,
      76.0,
      77.3046875,
      77.15625,
      76.8671875,
      78.3671875,
      78.2734375,
      78.6328125,
      79.25,
      79.859375,
      79.546875,
      80.2421875,
      80.5546875,
      81.171875,
      81.015625,
      81.8046875,
      80.9375,
      82.1640625,
      82.6640625,
      82.8125,
      82.9609375,
      83.1171875,
      83.421875,
      84.4140625,
      83.9921875,
      84.328125,
      84.515625,
      84.90625,
      85.375,
      84.921875,
      86.3671875,
      85.578125,
      85.4609375,
      86.15625,
      86.7734375,
      87.4609375,
      86.71875,
      87.8671875,
      87.9921875,
      87.9296875,
      88.0859375,
      88.7734375,
      88.8828125,
      88.734375,
      88.921875,
      88.390625,
      88.7734375,
      89.40625,
      89.3828125,
      89.0078125,
      89.4609375,
      90.1953125,
      91.0234375,
      90.703125,
      90.8046875,
      90.9296875,
      90.828125,
      91.015625,
      91.3359375,
      91.9609375,
      91.8828125,
      92.09375,
      91.59375,
      92.0625,
      91.5546875,
      91.84375,
      92.75,
      92.9375
    ],
    "test_loss": [
      1.9547654449939729,
      1.5900586771965026,
      1.5593181920051575,
      1.4473078513145448,
      1.3752458596229553,
      1.3169662129878998,
      1.3038570934534073,
      1.2653395640850067,
      1.220812635421753,
      1.1803102374076844,
      1.163724566102028,
      1.1236775118112563,
      1.161159793138504,
      1.0867994076013565,
      1.108837918639183,
      1.0831668323278427,
      1.0533189707994461,
      1.0755744236707687,
      1.0379290479421615,
      0.9936281538009644,
      0.9954809176921845,
      1.0160565292835235,
      0.971159343123436,
      0.9857873752713203,
      0.9579860746860505,
      0.9632762682437896,
      0.9535197681188583,
      0.9267166644334793,
      0.9632966291904449,
      0.9532256263494492,
      0.924836451113224,
      0.9399639856815338,
      0.929606350660324,
      0.9125052344799042,
      0.9339162331819534,
      0.9174297207593918,
      0.9669049841165542,
      0.9210379520058631,
      0.9141043329238892,
      0.8879967623949051,
      0.8935021296143532,
      0.9209947380423545,
      0.8968255215883255,
      0.8964423012733459,
      0.9159530511498452,
      0.8943026429414749,
      0.9077791917324066,
      0.9303533518314362,
      0.9014592939615249,
      0.9164114367961883,
      0.9341559818387032,
      0.8962151473760605,
      0.8947955799102784,
      0.9111438399553299,
      0.9190658524632453,
      0.9348273794353008,
      0.9100755542516709,
      0.9087428492307663,
      0.9621326020359993,
      0.9544565695524215,
      0.9775289916992187,
      0.9273054397106171,
      0.9326819097995758,
      0.9264324676990509,
      0.9661861112713814,
      0.9229351255297661,
      0.931217522919178,
      0.9534572240710258,
      0.9803232437372208,
      0.9702957987785339,
      0.9505949763953686,
      0.9973940414190292,
      0.9853510838747025,
      0.9873370400071144,
      1.0329448887705803,
      0.9917944268882275,
      1.0354794016480446,
      1.0351207688450814,
      1.0189620469510556,
      1.0988935548067094,
      1.0471612161397934,
      1.0587806674838065,
      1.105469229221344,
      1.07058190792799,
      1.0954152396321297,
      1.078613006621599,
      1.0673071110248566,
      1.084486190378666,
      1.0762665379047394,
      1.0662852394580842,
      1.0999158543348313,
      1.1066669711470605,
      1.1125034490227699,
      1.1641111621260642,
      1.1205721679329872,
      1.1385655412077904,
      1.1052724108099938,
      1.0950915333628655,
      1.1747389313578607,
      1.170902638733387
    ],