{
  "config": {
    "run_name": "exp1_1",
    "out_dir": "./results",
    "seed": 2133492430,
    "device": null,
    "bs_train": 128,
    "bs_test": 32,
    "batches": 100,
    "epochs": 100,
    "early_stopping": 3,
    "checkpoints": null,
    "lr": 0.001,
    "reg": 0.001,
    "filters_per_layer": [
      32
    ],
    "pool_every": 2,
    "hidden_dims": [
      100
    ],
    "model_type": "cnn",
    "conv_params": null,
    "pooling_params": null,
    "kw": {},
    "layers_per_block": 8
  },
  "results": {
    "num_epochs": 0,
    "train_loss": [
      2.303729672431946,
      2.302862677574158,
      2.3028902316093447,
      2.302831144332886,
      2.302859749794006,
      2.302630372047424,
      2.3028221845626833,
      2.302798445224762,
      2.302802016735077,
      2.302680823802948,
      2.302599551677704,
      2.302818970680237,
      2.302938015460968,
      2.30269248008728,
      2.302816150188446,
      2.3026798295974733,
      2.3026691603660585,
      2.30271693944931,
      2.3027746152877806,
      2.302829689979553,
      2.3027287983894347,
      2.3026929116249084,
      2.302808613777161,
      2.3027433705329896,
      2.3025204229354856,
      2.3027499604225157,
      2.3027955055236817,
      2.3026912021636963,
      2.302592005729675,
      2.302802107334137,
      2.3026498317718507,
      2.3026580214500427,
      2.3026305556297304,
      2.302662923336029,
      2.302720582485199,
      2.302700009346008,
      2.3024895644187926,
      2.302542357444763,
      2.302696783542633,
      2.3027726578712464,
      2.3027935338020327,
      2.3025976157188417,
      2.302711353302002,
      2.302711663246155,
      2.302647533416748,
      2.3027609515190126,
      2.3026427841186523,
      2.3026259684562684,
      2.3027048611640932,
      2.3026877737045286,
      2.302727069854736,
      2.3025369119644163,
      2.3026748585700987,
      2.3026141929626465,
      2.3025897455215456,
      2.302650742530823,
      2.302666673660278,
      2.302756450176239,
      2.302731535434723,
      2.302626142501831,
      2.302702457904816,
      2.3026016402244567,
      2.302644662857056,
      2.302668993473053,
      2.302699422836304,
      2.302740797996521,
      2.3026506090164185,
      2.3026197218894957,
      2.302630512714386,
      2.3026910066604613,
      2.302756659984589,
      2.302758045196533,
      2.3024559593200684,
      2.3027567362785337,
      2.302777729034424,
      2.302651388645172,
      2.302691869735718,
      2.302639307975769,
      2.3027530694007874,
      2.3026112627983095,
      2.3026418042182923,
      2.3026720809936525,
      2.3025484180450437,
      2.302743384838104,
      2.302598249912262,
      2.3027377319335938,
      2.302761585712433,
      2.3027040123939515,
      2.302649402618408,
      2.3026315355300904,
      2.302674231529236,
      2.3026332521438597,
      2.3027057242393494,
      2.302696840763092,
      2.302686007022858,
      2.302558114528656,
      2.3027131271362307,
      2.3026525020599364,
      2.302684688568115,
      2.302665228843689
    ],
    "train_acc": [
      9.9609375,
      10.0,
      10.25,
      9.90625,
      10.015625,
      9.8359375,
      9.6484375,
      10.0234375,
      9.8515625,
      9.921875,
      9.84375,
      9.9375,
      9.8125,
      10.078125,
      9.8515625,
      10.09375,
      9.9765625,
      10.21875,
      9.5625,
      9.9921875,
      10.046875,
      10.3359375,
      9.9296875,
      9.34375,
      10.65625,
      9.90625,
      9.96875,
      9.9921875,
      10.5859375,
      10.015625,
      10.1171875,
      9.8515625,
      10.015625,
      9.9453125,
      9.9453125,
      10.0703125,
      10.5,
      9.9765625,
      10.1171875,
      9.5,
      9.9765625,
      10.359375,
      10.171875,
      9.796875,
      10.21875,
      10.015625,
      10.046875,
      10.265625,
      9.6015625,
      9.84375,
      9.9921875,
      10.15625,
      10.2421875,
      10.109375,
      9.8828125,
      9.8515625,
      9.8359375,
      9.671875,
      9.8828125,
      10.0234375,
      10.21875,
      10.2265625,
      10.171875,
      9.6015625,
      9.890625,
      9.8203125,
      10.140625,
      10.0859375,
      10.09375,
      10.0390625,
      10.0859375,
      9.375,
      10.3203125,
      10.1484375,
      9.359375,
      10.3359375,
      9.8828125,
      9.9296875,
      9.71875,
      10.2109375,
      10.3515625,
      10.2578125,
      10.125,
      10.3125,
      10.296875,
      9.8515625,
      9.546875,
      9.8984375,
      9.9296875,
      10.2578125,
      10.03125,
      10.4296875,
      9.9765625,
      10.21875,
      9.53125,
      10.109375,
      9.7890625,
      9.8046875,
      9.890625,
      9.8125
    ],
    "test_loss": [
      2.303018023967743,
      2.3032422780990602,
      2.3029571843147276,
      2.3030004358291625,
      2.302904486656189,
      2.3029653573036195,
      2.3029116463661192,
      2.30271630525589,
      2.3026383209228514,
      2.3024180698394776,
      2.302495837211609,
      2.3025460410118104,
      2.302730622291565,
      2.3027858352661132,
      2.302756826877594,
      2.3025861310958864,
      2.302760157585144,
      2.3027817249298095,
      2.3025281643867492,
      2.3026171779632567,
      2.30253559589386,
      2.3025706028938293,
      2.302526171207428,
      2.3024755358695983,
      2.3024665117263794,
      2.3024658036231993,
      2.3025340747833254,
      2.3025871205329893,
      2.302789635658264,
      2.3025832033157347,
      2.30244206905365,
      2.302516179084778,
      2.3025700497627257,
      2.302557783126831,
      2.3026084446907045,
      2.3025001001358034,
      2.302473080158234,
      2.302506308555603,
      2.3025042986869813,
      2.302537434101105,
      2.302530174255371,
      2.3025869703292847,
      2.302637016773224,
      2.302687790393829,
      2.302694523334503,
      2.302643475532532,
      2.3027256464958192,
      2.302816433906555,
      2.3026585292816164,
      2.30265700340271,
      2.302718062400818,
      2.302717185020447,
      2.3026468849182127,
      2.302525956630707,
      2.3024672412872316,
      2.30240460395813,
      2.3024619889259337,
      2.302613036632538,
      2.302605013847351,
      2.3026998686790465,
      2.3027146363258364,
      2.3027138614654543,
      2.3028005194664,
      2.302640380859375,
      2.3027318120002747,
      2.3026946926116945,
      2.3026629853248597,
      2.3027739262580873,
      2.302798216342926,
      2.3028084063529968,
      2.30269127368927,
      2.302517976760864,
      2.302426452636719,
      2.3024935269355775,
      2.3025910472869873,
      2.3026558923721314,
      2.302659041881561,
      2.3025966620445253,
      2.3025655436515806,
      2.302578477859497,
      2.3028146505355833,
      2.3028084778785707,
      2.302952561378479,
      2.30279105424881,
      2.3027912640571593,
      2.3025929927825928,
      2.302666912078857,
      2.3027284502983094,
      2.302574808597565,
      2.3025286316871645,
      2.302546706199646,
      2.3025708961486817,
      2.302519369125366,
      2.302498211860657,
      2.302647902965546,
      2.302583477497101,
      2.3025583934783938,
      2.302564628124237,
      2.302575159072876,
      2.302496392726898
    ],