{
  "config": {
    "run_name": "exp1_4",
    "out_dir": "./results",
    "seed": 463016699,
    "device": null,
    "bs_train": 128,
    "bs_test": 32,
    "batches": 100,
    "epochs": 100,
    "early_stopping": 3,
    "checkpoints": null,
    "lr": 0.001,
    "reg": 0.001,
    "filters_per_layer": [
      64,
      128,
      256
    ],
    "pool_every": 8,
    "hidden_dims": [
      100
    ],
    "model_type": "cnn",
    "conv_params": null,
    "pooling_params": null,
    "kw": {},
    "layers_per_block": 8
  },
  "results": {
    "num_epochs": 0,
    "train_loss": [
      2.3035550022125246,
      2.302676889896393,
      2.3028769969940184,
      2.302745189666748,
      2.302526831626892,
      2.3028311944007873,
      2.3026794600486755,
      2.302852387428284,
      2.302694218158722,
      2.3027387952804563,
      2.3026601386070253,
      2.302765552997589,
      2.3026863956451415,
      2.3026284646987913,
      2.3026637125015257,
      2.302706291675568,
      2.3026643657684325,
      2.302706799507141,
      2.3027157258987425,
      2.3026442623138426,
      2.30270959854126,
      2.302662179470062,
      2.3026650381088256,
      2.3025644755363466,
      2.30274879693985,
      2.3026824617385864,
      2.3026925206184385,
      2.3026098561286927,
      2.3026168298721315,
      2.3026427268981933,
      2.302595839500427,
      2.3024901294708253,
      2.302830467224121,
      2.3026563906669617,
      2.3026850867271422,
      2.3026193737983705,
      2.3028087830543518,
      2.302714011669159,
      2.3026357436180116,
      2.30266685962677,
      2.3027041506767274,
      2.302651081085205,
      2.302762758731842,
      2.302647078037262,
      2.302676556110382,
      2.302594730854034,
      2.302697010040283,
      2.3026504373550414,
      2.3026106190681457,
      2.302794635295868,
      2.302646481990814,
      2.302579619884491,
      2.3026856112480165,
      2.302618987560272,
      2.302748305797577,
      2.3025650453567503,
      2.3027169418334963,
      2.3026507902145386,
      2.302665288448334,
      2.302708241939545,
      2.3025355410575865,
      2.302700459957123,
      2.3025647830963134,
      2.3025390887260437,
      2.3027593302726745,
      2.3027092814445496,
      2.3026721262931824,
      2.3026989030838014,
      2.3027203488349914,
      2.302727451324463,
      2.302619705200195,
      2.302683849334717,
      2.3027344703674317,
      2.302637228965759,
      2.3026846385002138,
      2.3027432441711424,
      2.3025523805618286,
      2.3025363230705262,
      2.302801148891449,
      2.302726185321808,
      2.3027053093910217,
      2.3026817417144776,
      2.302683832645416,
      2.30256413936615,
      2.3026822781562806,
      2.3029761695861817,
      2.30271963596344,
      2.3025962042808534,
      2.3026450777053835,
      2.302584412097931,
      2.3024942541122435,
      2.3027439427375795,
      2.302567865848541,
      2.302684667110443,
      2.3027165699005128,
      2.302677490711212,
      2.302709531784058,
      2.3026910543441774,
      2.3026799535751343,
      2.3026616549491883
    ],
    "train_acc": [
      9.734375,
      10.0625,
      10.1796875,
      9.9453125,
      10.125,
      10.25,
      9.71875,
      9.8984375,
      10.0859375,
      9.78125,
      10.203125,
      9.890625,
      9.609375,
      10.1484375,
      9.8359375,
      10.078125,
      10.0234375,
      10.125,
      9.3984375,
      10.15625,
      9.8125,
      10.25,
      9.5546875,
      10.2734375,
      10.0390625,
      10.0546875,
      9.8359375,
      9.8671875,
      9.5703125,
      9.828125,
      9.9609375,
      10.515625,
      9.5703125,
      10.125,
      9.8515625,
      9.8203125,
      10.203125,
      9.84375,
      10.5,
      10.390625,
      9.8203125,
      10.015625,
      9.59375,
      10.109375,
      10.078125,
      10.40625,
      10.1328125,
      10.1484375,
      9.90625,
      9.734375,
      10.3359375,
      10.1015625,
      9.9296875,
      9.9140625,
      10.0703125,
      10.265625,
      10.109375,
      9.9375,
      10.140625,
      9.703125,
      10.3515625,
      9.6953125,
      10.3125,
      9.9765625,
      10.0625,
      10.09375,
      10.3125,
      9.890625,
      10.40625,
      9.859375,
      10.078125,
      10.25,
      9.7109375,
      10.15625,
      10.046875,
      9.7890625,
      10.4765625,
      10.3828125,
      9.7578125,
      9.5546875,
      10.1015625,
      10.09375,
      9.71875,
      10.1171875,
      10.1015625,
      10.375,
      9.8828125,
      10.0546875,
      10.421875,
      10.0,
      10.4296875,
      9.90625,
      10.375,
      10.28125,
      9.9453125,
      10.078125,
      10.0390625,
      9.6953125,
      10.015625,
      10.1015625
    ],
    "test_loss": [
      2.3029961490631106,
      2.30296427488327,
      2.3026203894615174,
      2.3027612376213074,
      2.302861409187317,
      2.3028380990028383,
      2.3025796175003053,
      2.3026254105567934,
      2.3027313566207885,
      2.3026737475395205,
      2.3026748394966123,
      2.302606899738312,
      2.302618565559387,
      2.302562220096588,
      2.302628767490387,
      2.302489154338837,
      2.302572031021118,
      2.3026688146591185,
      2.302509925365448,
      2.3026531457901003,
      2.302663049697876,
      2.302598309516907,
      2.302465717792511,
      2.3024696373939513,
      2.302516767978668,
      2.3026575803756715,
      2.3026636910438536,
      2.3026376461982725,
      2.3026154375076295,
      2.3024944639205933,
      2.3024184346199035,
      2.3025075244903563,
      2.3025596737861633,
      2.302631826400757,
      2.3027422881126403,
      2.30267884016037,
      2.302537386417389,
      2.302602281570435,
      2.302449209690094,
      2.3025111246109007,
      2.30264680147171,
      2.302670569419861,
      2.302593469619751,
      2.302666268348694,
      2.302552115917206,
      2.302518651485443,
      2.3024965739250183,
      2.302458620071411,
      2.3024796795845033,
      2.302465443611145,
      2.302472081184387,
      2.302506365776062,
      2.3025117468833924,
      2.302528591156006,
      2.302525882720947,
      2.3024665093421937,
      2.302568106651306,
      2.302613065242767,
      2.30257627248764,
      2.302546675205231,
      2.3025529289245608,
      2.302559030056,
      2.3025815057754517,
      2.3027173614501955,
      2.3026400446891784,
      2.3025880575180055,
      2.302474014759064,
      2.302420620918274,
      2.302620449066162,
      2.302437720298767,
      2.302386875152588,
      2.302466447353363,
      2.3026249623298645,
      2.302664155960083,
      2.3026630163192747,
      2.302617385387421,
      2.3027065443992614,
      2.3027010345458985,
      2.302736282348633,
      2.302761037349701,
      2.302662184238434,
      2.302715141773224,
      2.302550094127655,
      2.3026682925224304,
      2.302725374698639,
      2.302841377258301,
      2.302699010372162,
      2.3025068163871767,
      2.3025480008125303,
      2.302619400024414,
      2.302607579231262,
      2.3025814652442933,
      2.3026035380363465,
      2.302681984901428,
      2.3027624130249023,
      2.3027792620658873,
      2.3026585149765015,
      2.302563786506653,
      2.3024913263320923,
      2.302422647476196
    ],