{
  "config": {
    "run_name": "exp1_1",
    "out_dir": "./results",
    "seed": 2059451897,
    "device": null,
    "bs_train": 128,
    "bs_test": 32,
    "batches": 100,
    "epochs": 100,
    "early_stopping": 3,
    "checkpoints": null,
    "lr": 0.001,
    "reg": 0.001,
    "filters_per_layer": [
      64
    ],
    "pool_every": 2,
    "hidden_dims": [
      100
    ],
    "model_type": "cnn",
    "conv_params": null,
    "pooling_params": null,
    "kw": {},
    "layers_per_block": 4
  },
  "results": {
    "num_epochs": 0,
    "train_loss": [
      2.013252218961716,
      1.6623928701877595,
      1.5092500364780426,
      1.3913949155807495,
      1.313017098903656,
      1.2490112638473512,
      1.1790371131896973,
      1.1274931520223617,
      1.1010331422090531,
      1.0162025839090347,
      1.015107855796814,
      0.960873344540596,
      0.9543876779079438,
      0.9090795546770096,
      0.9017653203010559,
      0.8764965569972992,
      0.8299671024084091,
      0.8092500376701355,
      0.7752863168716431,
      0.7569238179922104,
      0.7277269268035889,
      0.7315989780426025,
      0.7102458932995797,
      0.6857460403442383,
      0.6492048516869545,
      0.6528322431445122,
      0.6480730074644089,
      0.6288086298108101,
      0.6080932214856147,
      0.5879355081915856,
      0.5751651421189308,
      0.5760319289565087,
      0.5333073523640632,
      0.5400448343157769,
      0.5131529238820076,
      0.5283468094468117,
      0.49820865869522096,
      0.4768423122167587,
      0.4737244948744774,
      0.4597232457995415,
      0.47973119378089907,
      0.44250942558050155,
      0.42636999517679214,
      0.41979253113269804,
      0.42931407660245896,
      0.40853997468948366,
      0.39583198487758636,
      0.3933607590198517,
      0.3821804189682007,
      0.38785964488983155,
      0.36928550094366075,
      0.35124328583478925,
      0.3695406050980091,
      0.3258732844889164,
      0.3188080585002899,
      0.32778811529278756,
      0.3096937410533428,
      0.3249957314133644,
      0.29354622334241864,
      0.2951044708490372,
      0.28703248396515846,
      0.30937630996108056,
      0.27521310701966284,
      0.2692215219140053,
      0.2555897431075573,
      0.2591753175854683,
      0.26126586616039277,
      0.2535571166872978,
      0.26319205746054647,
      0.2406118854880333,
      0.2434681910276413,
      0.2357645643502474,
      0.23289570294320583,
      0.23142974361777305,
      0.22020540475845338,
      0.23487407460808754,
      0.21661546781659127,
      0.20423149429261683,
      0.23934654623270035,
      0.2061306542903185,
      0.19855688542127609,
      0.19772645466029645,
      0.19643785566091537,
      0.1988776298612356,
      0.19684907272458077,
      0.18581353835761547,
      0.19235097892582417,
      0.18170817375183104,
      0.1927109904587269,
      0.19310031779110431,
      0.19009609781205655,
      0.19025366298854351,
      0.18150343462824822,
      0.17117782458662986,
      0.17994209907948971,
      0.19346450380980967,
      0.18100711040198803,
      0.16678987629711628,
      0.17779566206037997,
      0.18102181248366833
    ],
    "train_acc": [
      27.3359375,
      41.1875,
      46.0078125,
      51.0703125,
      54.2421875,
      57.3359375,
      59.6328125,
      61.7734375,
      62.6015625,
      65.7265625,
      66.0078125,
      67.828125,
      68.46875,
      70.3046875,
      69.8359375,
      70.6328125,
      72.984375,
      73.7109375,
      74.96875,
      75.6640625,
      76.4140625,
      76.765625,
      76.6796875,
      77.953125,
      79.3984375,
      79.1953125,
      79.96875,
      80.71875,
      81.2265625,
      82.140625,
      82.484375,
      82.9765625,
      83.96875,
      84.046875,
      85.0859375,
      84.46875,
      85.5390625,
      86.140625,
      86.375,
      86.8828125,
      86.703125,
      87.59375,
      88.34375,
      88.390625,
      88.3125,
      89.140625,
      89.453125,
      89.7265625,
      89.8828125,
      90.1953125,
      90.359375,
      91.0859375,
      90.5390625,
      92.078125,
      92.2890625,
      91.90625,
      92.5546875,
      92.3046875,
      93.0859375,
      93.15625,
      93.4375,
      92.8984375,
      93.8515625,
      94.2421875,
      94.5546875,
      94.65625,
      94.5234375,
      94.6328125,
      94.4375,
      95.109375,
      94.828125,
      95.2734375,
      95.421875,
      95.6953125,
      95.734375,
      95.390625,
      95.6953125,
      96.296875,
      95.421875,
      96.234375,
      96.4453125,
      96.7109375,
      96.75,
      96.640625,
      96.6328125,
      96.9921875,
      96.8359375,
      97.0625,
      96.9921875,
      96.6875,
      96.921875,
      96.8515625,
      97.125,
      97.390625,
      97.1953125,
      96.828125,
      96.9765625,
      97.5859375,
      97.2890625,
      97.421875
    ],
    "test_loss": [
      1.8617761993408204,
      1.5311625707149505,
      1.4165887492895126,
      1.3561499935388566,
      1.2980301201343536,
      1.1899854838848114,
      1.178165440559387,
      1.1308143240213395,
      1.110705422759056,
      1.045285611152649,
      1.022237543463707,
      1.029099178314209,
      0.9845384103059769,
      1.0187042987346648,
      0.9448991119861603,
      0.9285833513736725,
      0.9388243561983108,
      0.9054202452301979,
      0.9032389408349991,
      0.8857674869894981,
      0.8744572985172272,
      0.8715623185038567,
      0.8910911512374878,
      0.8667363783717156,
      0.8457901987433434,
      0.8759823882579804,
      0.8557057327032089,
      0.8531473705172539,
      0.8211099228262901,
      0.8676252356171608,
      0.8835846394300461,
      0.8320451301336288,
      0.8337820348143578,
      0.8145915830135345,
      0.8487262210249901,
      0.8755474689602852,
      0.8456721049547196,
      0.8357025280594825,
      0.8913119289278985,
      0.8908818000555039,
      0.8244470936059952,
      0.856595303118229,
      0.9057554081082344,
      0.9120200556516648,
      0.8874461552500725,
      0.8802874061465263,
      0.885194416642189,
      0.8692016804218292,
      0.910026461482048,
      0.8627036367356777,
      0.8777581435441971,
      0.9883713269233704,
      0.9175095045566559,
      0.9317127186059951,
      0.9422583505511284,
      0.9707356935739517,
      0.924074440151453,
      0.9242046447098256,
      0.9476671698689461,
      1.0136960044503212,
      1.0131584817171098,
      0.981543473303318,
      0.9798734614253044,
      0.9732252848148346,
      1.0381966939568519,
      1.02280672326684,
      1.0333965434134007,
      0.9972335767745971,
      1.0311326861381531,
      1.0612935721874237,
      1.0251487880945205,
      0.9957252433896064,
      1.0612283304333687,
      1.028512609153986,
      1.0798392841219902,
      1.0148469464480876,
      1.0562352058291435,
      1.0898834910988808,
      1.0229272800683975,
      1.0531407558918,
      1.0605790223181248,
      1.1011970019340516,
      1.1130890434980392,
      1.1279397527873516,
      1.0766880789399147,
      1.1477117162942887,
      1.1441883489489555,
      1.1447908283770085,
      1.1103043174743652,
      1.1404553884267807,
      1.1848489478230477,
      1.1872749525308608,
      1.1574538841843605,
      1.1466641518473626,
      1.1755978980660438,
      1.1025297045707703,
      1.1007343235611915,
      1.2087138612568378,
      1.1729509195685386,
      1.1382140457630157
    ],