{
  "config": {
    "run_name": "exp1_2",
    "out_dir": "./results",
    "seed": 517532939,
    "device": null,
    "bs_train": 128,
    "bs_test": 32,
    "batches": 100,
    "epochs": 100,
    "early_stopping": 3,
    "checkpoints": null,
    "lr": 0.001,
    "reg": 0.001,
    "filters_per_layer": [
      128
    ],
    "pool_every": 8,
    "hidden_dims": [
      100
    ],
    "model_type": "cnn",
    "conv_params": null,
    "pooling_params": null,
    "kw": {},
    "layers_per_block": 2
  },
  "results": {
    "num_epochs": 0,
    "train_loss": [
      1.9855487954616546,
      1.5590144658088685,
      1.4134631204605101,
      1.328865338563919,
      1.274865962266922,
      1.2595185780525207,
      1.1882357257604599,
      1.1884149563312532,
      1.1466056406497955,
      1.1417987924814224,
      1.0996713107824325,
      1.0821615040302277,
      1.07766193151474,
      1.039868049621582,
      1.0238613432645798,
      1.0198154711723328,
      0.9677611696720123,
      0.9766713225841522,
      0.9573271733522415,
      0.9382687151432038,
      0.914051741361618,
      0.9010702204704285,
      0.8705001497268676,
      0.8497212588787079,
      0.8415041154623032,
      0.8376721405982971,
      0.7953501015901565,
      0.8024397945404053,
      0.7728345233201981,
      0.7469129419326782,
      0.7533036720752716,
      0.7388355189561844,
      0.7122086933255196,
      0.6967503598332405,
      0.6871745467185975,
      0.6741279354691505,
      0.6539330723881721,
      0.6307208323478699,
      0.627390393614769,
      0.5992818278074264,
      0.5956057992577553,
      0.5889625921845436,
      0.5792337939143181,
      0.5600288900732994,
      0.5539787676930428,
      0.5577204743027687,
      0.5245412656664848,
      0.4978326454758644,
      0.49941872864961623,
      0.4991601696610451,
      0.4822016441822052,
      0.46246578216552736,
      0.4556362238526344,
      0.4401950165629387,
      0.4353658214211464,
      0.4078128609061241,
      0.41814223140478135,
      0.406170149743557,
      0.40223974838852883,
      0.39466741859912874,
      0.40786230608820917,
      0.37701797440648077,
      0.37364453449845314,
      0.36319961830973624,
      0.34422644913196565,
      0.3313846629858017,
      0.3325522626936436,
      0.3105935275554657,
      0.33821823477745055,
      0.3271508461236954,
      0.317035830616951,
      0.3098887212574482,
      0.3055762311816215,
      0.32179377004504206,
      0.29099229514598846,
      0.2988228987157345,
      0.28075385436415673,
      0.28978534787893295,
      0.2868039919435978,
      0.2808720737695694,
      0.28923223957419397,
      0.2844895921647549,
      0.2659216170012951,
      0.2599634045362473,
      0.24053806819021703,
      0.2570502991229296,
      0.25431049466133115,
      0.25153519012033937,
      0.2519229899346829,
      0.2452203118801117,
      0.24320622503757477,
      0.2536581241339445,
      0.30075722992420195,
      0.24514993384480477,
      0.21776902422308922,
      0.23270345702767373,
      0.25667688220739365,
      0.23575756944715975,
      0.21956905499100685,
      0.22873329922556876
    ],
    "train_acc": [
      32.1953125,
      45.6796875,
      50.953125,
      54.7578125,
      56.5703125,
      57.1796875,
      59.546875,
      59.7265625,
      61.2734375,
      61.578125,
      62.9765625,
      63.609375,
      64.0078125,
      66.0703125,
      66.1640625,
      66.5390625,
      68.15625,
      68.5546875,
      69.5625,
      69.578125,
      71.21875,
      72.09375,
      72.7734375,
      73.1953125,
      73.484375,
      74.34375,
      75.578125,
      75.7421875,
      76.6875,
      77.953125,
      77.328125,
      78.59375,
      79.546875,
      80.09375,
      80.6953125,
      80.9375,
      81.8828125,
      82.4609375,
      82.890625,
      83.8828125,
      84.28125,
      84.4140625,
      84.9296875,
      85.96875,
      85.3984375,
      85.25,
      86.7578125,
      87.6171875,
      87.4453125,
      87.890625,
      88.296875,
      88.7734375,
      89.3671875,
      89.96875,
      89.8203125,
      90.90625,
      90.78125,
      91.09375,
      91.2734375,
      92.0234375,
      91.4375,
      92.0078125,
      92.640625,
      92.6015625,
      93.2578125,
      93.8203125,
      93.46875,
      94.28125,
      93.765625,
      93.8671875,
      94.1796875,
      94.671875,
      94.78125,
      94.359375,
      94.84375,
      94.7109375,
      95.5625,
      95.3671875,
      95.203125,
      95.4296875,
      95.5546875,
      95.3125,
      95.9296875,
      96.09375,
      96.53125,
      96.1875,
      96.1953125,
      96.0859375,
      96.3359375,
      96.796875,
      96.6171875,
      96.4609375,
      95.0390625,
      96.609375,
      97.1015625,
      96.703125,
      96.3203125,
      96.78125,
      97.1953125,
      96.90625
    ],
    "test_loss": [
      1.6533733713626861,
      1.4592275416851044,
      1.3682461082935333,
      1.3002013504505157,
      1.335049919486046,
      1.2524246859550476,
      1.2968366587162017,
      1.2527522724866866,
      1.3002772343158722,
      1.2158071410655975,
      1.2508994400501252,
      1.240346264243126,
      1.240599997639656,
      1.237482104897499,
      1.1772635692358018,
      1.1827797102928161,
      1.185851322412491,
      1.2093919235467911,
      1.1854182648658753,
      1.170999532341957,
      1.1888090080022813,
      1.1881684136390687,
      1.1822061532735824,
      1.1813291668891908,
      1.2084701454639435,
      1.2179775327444076,
      1.2124458366632462,
      1.236553875207901,
      1.2155744349956512,
      1.2214667212963104,
      1.238336386680603,
      1.2143361818790437,
      1.234922250509262,
      1.231939663887024,
      1.2666186746954917,
      1.2304243993759156,
      1.250253922343254,
      1.3464204108715057,
      1.3723960345983506,
      1.3481552666425705,
      1.2886944150924682,
      1.3284256106615067,
      1.294384516477585,
      1.360780144929886,
      1.3654126489162446,
      1.3607355070114135,
      1.370727564096451,
      1.4065592098236084,
      1.4426372283697129,
      1.4172423511743546,
      1.4458508414030076,
      1.4522748616337777,
      1.515237665772438,
      1.5297724992036819,
      1.4967967087030412,
      1.5132988741993905,
      1.5409233006834984,
      1.543977476656437,
      1.5150267016887664,
      1.5563923978805543,
      1.5189958542585373,
      1.5713793104887008,
      1.5964523869752885,
      1.6140571165084838,
      1.6303757229447364,
      1.6174342620372772,
      1.6352404642105103,
      1.6877903360128403,
      1.637747770547867,
      1.675599773824215,
      1.7182151132822037,
      1.7120439091324806,
      1.780738517343998,
      1.701849357187748,
      1.7198694708943367,
      1.7430881667137146,
      1.7460097146034241,
      1.721343408226967,
      1.8125675693154335,
      1.7948661771416665,
      1.7963002616167068,
      1.8299886560440064,
      1.860253409743309,
      1.8870575243234635,
      1.9068660321831703,
      1.8423008006811141,
      1.855791302025318,
      1.900570917725563,
      1.8776359838247298,
      1.8848898681998252,
      1.8931677913665772,
      1.9224788072705268,
      1.810150502026081,
      1.8753356072306633,
      1.917487753033638,
      1.8798272520303727,
      1.7600839817523957,
      1.9594981157779694,
      1.941304195523262,
      2.360300362110138
    ],