{
  "config": {
    "run_name": "exp1_1",
    "out_dir": "./results",
    "seed": 1311846033,
    "device": null,
    "bs_train": 128,
    "bs_test": 32,
    "batches": 100,
    "epochs": 100,
    "early_stopping": 3,
    "checkpoints": null,
    "lr": 0.001,
    "reg": 0.001,
    "filters_per_layer": [
      64
    ],
    "pool_every": 2,
    "hidden_dims": [
      100
    ],
    "model_type": "cnn",
    "conv_params": null,
    "pooling_params": null,
    "kw": {},
    "layers_per_block": 8
  },
  "results": {
    "num_epochs": 0,
    "train_loss": [
      2.3036702275276184,
      2.303088729381561,
      2.3031164407730103,
      2.302698755264282,
      2.3025866317749024,
      2.302782063484192,
      2.302917263507843,
      2.302793550491333,
      2.302775537967682,
      2.3027319598197935,
      2.3027161526679993,
      2.3026959037780763,
      2.3026761078834532,
      2.302798180580139,
      2.3026315999031066,
      2.302627639770508,
      2.302836835384369,
      2.302680609226227,
      2.302669122219086,
      2.302807722091675,
      2.3026941561698915,
      2.302809064388275,
      2.302637324333191,
      2.3026676750183106,
      2.3027184796333313,
      2.302711012363434,
      2.302610342502594,
      2.3026044249534605,
      2.302656149864197,
      2.302659842967987,
      2.302724175453186,
      2.3026038074493407,
      2.3025465703010557,
      2.3027226066589357,
      2.3026575875282287,
      2.3025972962379457,
      2.3026979064941404,
      2.3027339601516723,
      2.302680449485779,
      2.3026214909553526,
      2.30256427526474,
      2.3026163291931154,
      2.3026624727249145,
      2.302693738937378,
      2.3028250670433046,
      2.3026306080818175,
      2.3026941919326784,
      2.302502887248993,
      2.302915639877319,
      2.3025542211532595,
      2.3027231001853945,
      2.302624037265778,
      2.3025863766670227,
      2.3027228999137876,
      2.3026666855812072,
      2.302733483314514,
      2.3025785875320435,
      2.3027054619789125,
      2.3027106523513794,
      2.3026309180259705,
      2.302645330429077,
      2.3026325035095216,
      2.30263560295105,
      2.302643973827362,
      2.3027357959747317,
      2.3027243995666504,
      2.3026764822006225,
      2.302644691467285,
      2.3025833559036255,
      2.302640178203583,
      2.3027272033691406,
      2.302708487510681,
      2.3026855301856997,
      2.302674355506897,
      2.3026881504058836,
      2.3026626920700073,
      2.3026403832435607,
      2.3026263189315794,
      2.302601730823517,
      2.3026683592796324,
      2.3026237297058105,
      2.302738080024719,
      2.3025892686843874,
      2.302692720890045,
      2.302642512321472,
      2.302547552585602,
      2.302685272693634,
      2.3027314853668215,
      2.302593758106232,
      2.3026705884933474,
      2.302793569564819,
      2.3026977515220644,
      2.3025836038589476,
      2.302748558521271,
      2.3026989817619326,
      2.3026371717453005,
      2.3025974678993224,
      2.302608618736267,
      2.302820551395416,
      2.3027621912956238
    ],
    "train_acc": [
      9.9453125,
      9.875,
      10.109375,
      10.3671875,
      10.4296875,
      10.4921875,
      9.953125,
      9.9453125,
      9.96875,
      10.0703125,
      10.1171875,
      10.1328125,
      10.09375,
      9.8671875,
      10.1484375,
      10.515625,
      9.6171875,
      9.984375,
      10.0625,
      9.6796875,
      9.7421875,
      9.71875,
      10.40625,
      10.1796875,
      9.7265625,
      10.1171875,
      10.3671875,
      10.1171875,
      10.2890625,
      9.8515625,
      9.6484375,
      10.3046875,
      10.0078125,
      10.0078125,
      9.9453125,
      9.984375,
      9.9765625,
      9.78125,
      10.0078125,
      9.7578125,
      9.9296875,
      10.2734375,
      10.1171875,
      10.171875,
      9.8203125,
      10.328125,
      9.6796875,
      10.265625,
      9.5546875,
      10.3359375,
      10.015625,
      10.046875,
      10.28125,
      9.7109375,
      9.890625,
      9.7578125,
      10.484375,
      10.1328125,
      9.9375,
      10.1015625,
      10.25,
      9.921875,
      9.890625,
      9.984375,
      10.140625,
      9.8359375,
      9.578125,
      9.9296875,
      10.0390625,
      9.71875,
      9.890625,
      9.9375,
      9.734375,
      9.875,
      9.6328125,
      10.109375,
      10.3046875,
      10.375,
      10.28125,
      9.8203125,
      9.9765625,
      10.09375,
      10.171875,
      10.0390625,
      9.8828125,
      10.265625,
      10.1171875,
      10.0859375,
      10.0703125,
      10.0859375,
      9.6484375,
      10.25,
      9.890625,
      9.75,
      9.7421875,
      10.0859375,
      10.0625,
      10.0078125,
      9.84375,
      9.7578125
    ],
    "test_loss": [
      2.3037181162834166,
      2.3031570219993593,
      2.30262845993042,
      2.303053059577942,
      2.3028741002082826,
      2.3031008577346803,
      2.302763559818268,
      2.302976956367493,
      2.302761731147766,
      2.3028602480888365,
      2.3026750779151914,
      2.3028539299964903,
      2.3028488993644713,
      2.3028988075256347,
      2.3026871562004088,
      2.303062479496002,
      2.3027060532569887,
      2.3026050615310667,
      2.3025259828567504,
      2.302607388496399,
      2.3024792528152465,
      2.3026719093322754,
      2.302691254615784,
      2.3026548624038696,
      2.3027274799346924,
      2.302642149925232,
      2.3026988816261293,
      2.302880296707153,
      2.302833375930786,
      2.3026873159408567,
      2.3025515627861024,
      2.3025654578208923,
      2.302588868141174,
      2.3025048565864563,
      2.3026731514930727,
      2.30266220331192,
      2.3027394461631774,
      2.3025842666625977,
      2.3025864863395693,
      2.302518811225891,
      2.302487859725952,
      2.3024700498580932,
      2.3024061632156374,
      2.302429473400116,
      2.3024933075904848,
      2.30254154920578,
      2.3025506782531737,
      2.3024622559547425,
      2.3025955629348753,
      2.3025167536735536,
      2.3026233959197997,
      2.30269522190094,
      2.3025841736793518,
      2.3025775814056395,
      2.302635357379913,
      2.302595579624176,
      2.302562825679779,
      2.3025046014785766,
      2.3025917553901674,
      2.3025288009643554,
      2.302575614452362,
      2.3025449538230895,
      2.30243373632431,
      2.3025114059448244,
      2.3025653839111326,
      2.30259295463562,
      2.3025176739692688,
      2.302480535507202,
      2.3024577713012695,
      2.3024303841590883,
      2.3024180221557615,
      2.30251145362854,
      2.3025715947151184,
      2.3025909304618835,
      2.3025902104377747,
      2.302521405220032,
      2.3025336050987244,
      2.302426161766052,
      2.302444303035736,
      2.30248416185379,
      2.302507622241974,
      2.3025658917427063,
      2.3026579785346986,
      2.3026420855522156,
      2.3026501822471617,
      2.302858316898346,
      2.302793650627136,
      2.302724177837372,
      2.302494168281555,
      2.302575352191925,
      2.3024726128578186,
      2.302604172229767,
      2.3026086497306824,
      2.302612190246582,
      2.302595200538635,
      2.302573685646057,
      2.3025495767593385,
      2.302541346549988,
      2.3025756812095644,
      2.3026206827163698
    ],