{
  "config": {
    "run_name": "exp1_1",
    "out_dir": "./results",
    "seed": 1835345371,
    "device": null,
    "bs_train": 128,
    "bs_test": 32,
    "batches": 100,
    "epochs": 100,
    "early_stopping": 3,
    "checkpoints": null,
    "lr": 0.001,
    "reg": 0.001,
    "filters_per_layer": [
      64
    ],
    "pool_every": 2,
    "hidden_dims": [
      100
    ],
    "model_type": "cnn",
    "conv_params": null,
    "pooling_params": null,
    "kw": {},
    "layers_per_block": 2
  },
  "results": {
    "num_epochs": 0,
    "train_loss": [
      1.8222488510608672,
      1.398047949075699,
      1.2998362827301024,
      1.2244748044013978,
      1.1972739136219024,
      1.1300318562984466,
      1.1014056420326233,
      1.0589006370306016,
      1.0103397446870803,
      0.9862484622001648,
      0.9551140749454499,
      0.9247713571786881,
      0.9041556119918823,
      0.877910315990448,
      0.8617772316932678,
      0.83131911277771,
      0.8091925382614136,
      0.7901115709543228,
      0.7648120033740997,
      0.7684466856718063,
      0.7420162451267243,
      0.7349379050731659,
      0.7136595013737679,
      0.7186532562971115,
      0.6895079672336578,
      0.6583746191859245,
      0.6517167663574219,
      0.6541942584514618,
      0.6468411016464234,
      0.605871752500534,
      0.6155679798126221,
      0.6018955159187317,
      0.5752070331573487,
      0.5702945101261139,
      0.5536470511555671,
      0.5519566515088081,
      0.5363970759510994,
      0.5364727944135665,
      0.5445380371809005,
      0.5114159616827965,
      0.5054879269003868,
      0.5080934283137322,
      0.4774779063463211,
      0.4901976954936981,
      0.454631210565567,
      0.4420282971858978,
      0.45033894360065463,
      0.44039859890937805,
      0.4348570999503136,
      0.436558193564415,
      0.4255490905046463,
      0.40880400508642195,
      0.3961899212002754,
      0.3916647279262543,
      0.3950482445955277,
      0.39163207888603213,
      0.38163243010640147,
      0.3779390671849251,
      0.3675597171485424,
      0.3410407382249832,
      0.36373110830783845,
      0.3562300790846348,
      0.3508989958465099,
      0.34010460302233697,
      0.32915477827191353,
      0.336015992462635,
      0.3125222951173782,
      0.3084559753537178,
      0.30371549785137175,
      0.31893586173653604,
      0.2981613938510418,
      0.2903127612173557,
      0.2955090218782425,
      0.2854985028505325,
      0.2937325356900692,
      0.2911267653107643,
      0.261551461070776,
      0.2667651560902595,
      0.27791799008846285,
      0.28108525574207305,
      0.2644344516098499,
      0.2701538200676441,
      0.25748705610632894,
      0.2741811954975128,
      0.2527305968105793,
      0.2511447429656982,
      0.26878781244158745,
      0.2545149438083172,
      0.25044002279639244,
      0.24059907548129558,
      0.22649902552366258,
      0.23052775882184506,
      0.2505421708524227,
      0.24005065187811853,
      0.23581218242645263,
      0.2523654493689537,
      0.23602959007024765,
      0.22843423679471017,
      0.22706286989152433,
      0.22777988702058793
    ],
    "train_acc": [
      36.1640625,
      51.4296875,
      55.6640625,
      58.171875,
      59.046875,
      61.5546875,
      63.09375,
      64.453125,
      66.140625,
      67.515625,
      68.5,
      69.71875,
      70.4921875,
      71.53125,
      72.140625,
      73.7421875,
      74.0625,
      74.7890625,
      76.0390625,
      76.328125,
      76.8984375,
      76.5625,
      77.7734375,
      77.921875,
      78.828125,
      80.125,
      80.1796875,
      80.1171875,
      80.4296875,
      82.0390625,
      81.9765625,
      82.671875,
      83.515625,
      83.46875,
      84.1171875,
      84.3125,
      85.359375,
      85.0390625,
      84.8828125,
      85.96875,
      85.671875,
      86.1015625,
      87.2578125,
      86.8671875,
      88.1015625,
      88.4765625,
      88.3359375,
      88.4296875,
      88.890625,
      88.9609375,
      89.265625,
      89.546875,
      90.53125,
      90.578125,
      90.4453125,
      90.453125,
      90.9765625,
      90.921875,
      91.4375,
      92.4296875,
      91.6328125,
      92.0,
      92.09375,
      92.5234375,
      92.6171875,
      92.7421875,
      93.3828125,
      93.4921875,
      93.90625,
      93.1640625,
      93.8828125,
      94.234375,
      93.859375,
      94.28125,
      93.9765625,
      94.203125,
      95.125,
      95.0078125,
      94.7734375,
      94.5625,
      95.09375,
      94.7421875,
      95.3984375,
      94.78125,
      95.296875,
      95.2890625,
      94.8671875,
      95.421875,
      95.515625,
      95.6328125,
      96.1328125,
      96.2109375,
      95.6171875,
      95.9140625,
      95.8046875,
      95.5546875,
      96.1015625,
      96.234375,
      96.234375,
      96.375
    ],
    "test_loss": [
      1.4990251541137696,
      1.3465789830684662,
      1.2388355773687363,
      1.1941499888896943,
      1.1927087998390198,
      1.1579903411865233,
      1.1279727470874787,
      1.0961492323875428,
      1.0633079206943512,
      1.0734354597330094,
      1.0276156497001647,
      1.035717830657959,
      0.9850248247385025,
      1.0082763892412185,
      0.9768591737747192,
      1.0132500648498535,
      0.9510249754786492,
      0.9922353565692902,
      0.9677750086784362,
      0.9976342111825943,
      0.9952638199925423,
      0.9553171995282174,
      0.97806625187397,
      0.9657541298866272,
      0.9999178242683411,
      0.9539824858307838,
      1.0021655493974686,
      0.9689815071225166,
      0.9516543108224869,
      0.947568037211895,
      0.982379949092865,
      0.9494543951749802,
      0.9921114858984947,
      1.0082526344060898,
      0.9854981052875519,
      0.9497050359845162,
      0.9909578558802604,
      1.023094076514244,
      0.9897145605087281,
      1.0112690037488938,
      1.0014936435222626,
      1.030418444275856,
      1.0267617157101632,
      1.0014262211322784,
      1.022718753516674,
      1.0994226789474488,
      1.0369869109988212,
      1.0998047494888306,
      1.062114662528038,
      1.0749463087320328,
      1.0817474949359893,
      1.0731743156909943,
      1.0962772074341773,
      1.1048824673891067,
      1.0949357789754868,
      1.1597024515271186,
      1.1626509034633636,
      1.112926721572876,
      1.1208043855428695,
      1.2085520273447037,
      1.1283010160923004,
      1.1532281851768493,
      1.1222364833950997,
      1.190567601621151,
      1.14799595952034,
      1.1900380036234857,
      1.1940043753385543,
      1.1955110877752304,
      1.2184473353624343,
      1.167463591992855,
      1.2179055204987526,
      1.2280507770180702,
      1.2411270660161973,
      1.2168381136655808,
      1.2066963601112366,
      1.2057732820510865,
      1.227871469259262,
      1.2745686125755311,
      1.2840038853883744,
      1.263885822892189,
      1.243075032532215,
      1.2706021803617478,
      1.2162745842337608,
      1.2564872083067895,
      1.3009156614542008,
      1.2621697917580605,
      1.2516663312911986,
      1.273012791275978,
      1.3254265868663788,
      1.2786392951011658,
      1.3062141281366348,
      1.3213155949115754,
      1.285641895532608,
      1.3154004377126693,
      1.30361710190773,
      1.2801488769054412,
      1.328175379037857,
      1.2866883224248886,
      1.334704355597496,
      1.3081717360019685
    ],