{
  "config": {
    "run_name": "exp1_2",
    "out_dir": "./results",
    "seed": 233798874,
    "device": null,
    "bs_train": 128,
    "bs_test": 32,
    "batches": 100,
    "epochs": 100,
    "early_stopping": 3,
    "checkpoints": null,
    "lr": 0.001,
    "reg": 0.001,
    "filters_per_layer": [
      64
    ],
    "pool_every": 8,
    "hidden_dims": [
      100
    ],
    "model_type": "cnn",
    "conv_params": null,
    "pooling_params": null,
    "kw": {},
    "layers_per_block": 2
  },
  "results": {
    "num_epochs": 0,
    "train_loss": [
      1.8905531668663025,
      1.5463707673549651,
      1.4189993703365327,
      1.3469673311710357,
      1.2850498175621032,
      1.2313297402858734,
      1.187585727572441,
      1.172719042301178,
      1.1329799264669418,
      1.1032183921337129,
      1.0818086355924605,
      1.080127187371254,
      1.0423935770988464,
      1.0054952275753022,
      0.9840147721767426,
      0.9844943541288376,
      0.9389208173751831,
      0.9427888095378876,
      0.8973944538831711,
      0.8985269939899445,
      0.8878531694412232,
      0.8606922578811645,
      0.8445836430788041,
      0.8509313935041427,
      0.8337433797121048,
      0.7955640888214112,
      0.7984302014112472,
      0.7796951586008072,
      0.7556279325485229,
      0.7531464797258377,
      0.7187993922829627,
      0.7226437783241272,
      0.7050433641672135,
      0.70483877658844,
      0.6911821681261062,
      0.6679361566901207,
      0.6629331460595131,
      0.6315440717339516,
      0.6317023032903671,
      0.6064312201738358,
      0.6107537081837654,
      0.5960844004154205,
      0.5921865203976631,
      0.5468777319788933,
      0.5541999039053916,
      0.5456391260027885,
      0.5510137701034545,
      0.5108433946967125,
      0.5022762969136239,
      0.49762532889842986,
      0.48091603577136993,
      0.4756427612900734,
      0.47742227762937545,
      0.4642623507976532,
      0.4512461507320404,
      0.4578788623213768,
      0.43790306836366655,
      0.412424273788929,
      0.41837642192840574,
      0.42499453485012056,
      0.4155673390626907,
      0.38533363446593283,
      0.4014036512374878,
      0.38754127830266955,
      0.3728665412962437,
      0.36864212557673454,
      0.35528846889734267,
      0.3571032391488552,
      0.35686451524496077,
      0.34773068308830263,
      0.3371222731471062,
      0.3287111175060272,
      0.3479138907790184,
      0.3533810156583786,
      0.31951860547065736,
      0.30902570590376854,
      0.3078299055993557,
      0.3164540658891201,
      0.29707120165228845,
      0.30389086827635764,
      0.2970933532714844,
      0.29404171064496043,
      0.288644835203886,
      0.27958238318562506,
      0.265918570458889,
      0.2785831172019243,
      0.27096946597099303,
      0.2774589689075947,
      0.2687304519116879,
      0.2653582563996315,
      0.26521621689200403,
      0.2649480074644089,
      0.2696354988217354,
      0.2599350526928902,
      0.23749453008174895,
      0.24551308028399943,
      0.24470004975795745,
      0.24484469309449197,
      0.2408308854699135,
      0.23209722317755221
    ],
    "train_acc": [
      33.1484375,
      46.6171875,
      51.671875,
      53.21875,
      55.9609375,
      57.6328125,
      59.21875,
      59.890625,
      61.59375,
      62.8671875,
      63.6640625,
      63.7109375,
      65.59375,
      67.0546875,
      67.8359375,
      67.953125,
      69.1953125,
      69.578125,
      70.859375,
      71.375,
      71.5703125,
      73.203125,
      73.140625,
      73.1171875,
      73.4609375,
      75.359375,
      75.4140625,
      75.6328125,
      77.09375,
      76.84375,
      78.53125,
      78.5546875,
      78.9765625,
      78.78125,
      79.2109375,
      80.515625,
      80.875,
      81.8359375,
      82.25,
      83.171875,
      83.125,
      83.34375,
      83.90625,
      85.109375,
      85.125,
      85.3984375,
      85.3125,
      86.5703125,
      87.1328125,
      87.359375,
      88.203125,
      88.1953125,
      88.3046875,
      88.59375,
      88.953125,
      88.7265625,
      89.5546875,
      90.5,
      90.4921875,
      90.5859375,
      90.6015625,
      91.2578125,
      90.984375,
      91.46875,
      91.6875,
      92.2890625,
      92.6328125,
      92.8515625,
      92.5703125,
      93.0078125,
      93.40625,
      93.75,
      93.046875,
      92.8984375,
      94.0546875,
      94.3984375,
      94.2734375,
      94.2734375,
      94.59375,
      94.5,
      94.5546875,
      94.8125,
      94.890625,
      95.359375,
      95.9140625,
      95.4609375,
      95.546875,
      95.4921875,
      95.6875,
      95.734375,
      96.0234375,
      95.90625,
      95.515625,
      95.96875,
      96.6171875,
      96.3984375,
      96.640625,
      96.3515625,
      96.4765625,
      96.6484375
    ],
    "test_loss": [
      1.5837253141403198,
      1.4380195367336273,
      1.4116397356987,
      1.350544337630272,
      1.295593819618225,
      1.2352148497104645,
      1.225613575577736,
      1.2263982111215592,
      1.19359248816967,
      1.1805091685056686,
      1.1597765654325485,
      1.1763896185159683,
      1.1419056004285812,
      1.1468511801958083,
      1.1259954518079758,
      1.1356642585992813,
      1.0871866363286973,
      1.0938004791736602,
      1.0766208809614182,
      1.0813205772638321,
      1.0663094806671143,
      1.073493736386299,
      1.1107228821516038,
      1.1070228326320648,
      1.066231032013893,
      1.0833335953950882,
      1.0929844945669174,
      1.0853559076786041,
      1.1015988171100617,
      1.0772330510616301,
      1.0854662537574769,
      1.1309063988924026,
      1.0849231207370758,
      1.1133512198925017,
      1.0929007411003113,
      1.1050708335638046,
      1.0992655867338181,
      1.099022285938263,
      1.0954242461919785,
      1.1438065147399903,
      1.1571917730569838,
      1.0994600635766982,
      1.150478133559227,
      1.1348131430149078,
      1.1627717345952988,
      1.1620242285728455,
      1.1887940806150437,
      1.160431819856167,
      1.207123545408249,
      1.2309650146961213,
      1.2068114563822747,
      1.2460988414287568,
      1.196019476056099,
      1.2223697197437287,
      1.2762240034341812,
      1.1863154473900794,
      1.2317691349983215,
      1.245973989367485,
      1.297405349612236,
      1.3065696692466735,
      1.281465425491333,
      1.2863343918323518,
      1.2738321116566658,
      1.296070814728737,
      1.3433590772747994,
      1.3169962909817696,
      1.3461814433336259,
      1.3798840790987015,
      1.3318994307518006,
      1.4371209001541139,
      1.3340206617116928,
      1.373234458565712,
      1.4537756526470185,
      1.380847914814949,
      1.43031021296978,
      1.4030774652957916,
      1.3968474513292313,
      1.3689073720574378,
      1.4245340126752852,
      1.4033722406625748,
      1.4237116432189942,
      1.4703320640325546,
      1.4616491520404815,
      1.4521580356359483,
      1.489525746703148,
      1.4968587064743042,
      1.4959572011232376,
      1.5118446907401084,
      1.5361379998922349,
      1.4949938011169435,
      1.5347690373659133,
      1.5431273785233497,
      1.5587228280305863,
      1.488443880677223,
      1.5550999975204467,
      1.4872695356607437,
      1.5545980393886567,
      1.5583594617247583,
      1.5600276339054107,
      1.5957020476460457
    ],