{
  "config": {
    "run_name": "exp1_4",
    "out_dir": "./results",
    "seed": 1687747141,
    "device": null,
    "bs_train": 128,
    "bs_test": 32,
    "batches": 100,
    "epochs": 100,
    "early_stopping": 3,
    "checkpoints": null,
    "lr": 0.001,
    "reg": 0.001,
    "filters_per_layer": [
      32
    ],
    "pool_every": 32,
    "hidden_dims": [
      100
    ],
    "model_type": "cnn",
    "conv_params": null,
    "pooling_params": null,
    "kw": {},
    "layers_per_block": 8
  },
  "results": {
    "num_epochs": 0,
    "train_loss": [
      2.3052361702919004,
      2.3037078762054444,
      2.3029283404350283,
      2.3028104186058043,
      2.30307900428772,
      2.30303822517395,
      2.3028336334228516,
      2.3027023243904114,
      2.302816858291626,
      2.302758629322052,
      2.302670464515686,
      2.3030838990211486,
      2.3027095437049865,
      2.3027643156051636,
      2.30260715007782,
      2.3025200295448305,
      2.3025520825386048,
      2.3027672171592712,
      2.302729170322418,
      2.3026112794876097,
      2.302627944946289,
      2.3027188324928285,
      2.3026876783370973,
      2.302639684677124,
      2.30263671875,
      2.3027090525627134,
      2.3027778339385985,
      2.302731931209564,
      2.3027531695365906,
      2.302603542804718,
      2.3025657176971435,
      2.3027693963050844,
      2.3026702666282652,
      2.3026894235610964,
      2.302703995704651,
      2.3027170443534852,
      2.302663369178772,
      2.3027014183998107,
      2.302664406299591,
      2.3025979685783384,
      2.302718822956085,
      2.302807674407959,
      2.3026076412200926,
      2.302659323215485,
      2.302659478187561,
      2.302616848945618,
      2.3025255846977233,
      2.3025801849365233,
      2.3027182745933534,
      2.302658760547638,
      2.3027899956703184,
      2.302655725479126,
      2.3027653169631956,
      2.302658896446228,
      2.3026592922210694,
      2.3026053500175476,
      2.3027448201179506,
      2.3026705956459046,
      2.3026211500167846,
      2.3027015376091002,
      2.302574133872986,
      2.302657194137573,
      2.302751693725586,
      2.3026277518272398,
      2.302743740081787,
      2.302686116695404,
      2.3027535891532898,
      2.302652757167816,
      2.3027026295661925,
      2.3026489782333375,
      2.302430946826935,
      2.302774884700775,
      2.3027176117897032,
      2.3026592183113097,
      2.302624750137329,
      2.3026530957221985,
      2.302724425792694,
      2.3026412391662596,
      2.3027257537841797,
      2.3025447940826416,
      2.302670955657959,
      2.3027364826202392,
      2.302978892326355,
      2.3027742671966553,
      2.302591745853424,
      2.3026242733001707,
      2.302724027633667,
      2.3026951646804807,
      2.302663140296936,
      2.3027263712882995,
      2.3027227783203124,
      2.3026459193229676,
      2.3025984263420103,
      2.302718098163605,
      2.3026664590835573,
      2.30254011631012,
      2.3029375147819517,
      2.3026637268066406,
      2.302572500705719,
      2.302678780555725
    ],
    "train_acc": [
      10.203125,
      10.0,
      10.078125,
      9.84375,
      10.046875,
      10.453125,
      10.015625,
      9.8984375,
      10.234375,
      9.671875,
      10.140625,
      10.2265625,
      9.8515625,
      9.859375,
      10.046875,
      10.40625,
      10.2890625,
      9.796875,
      9.8671875,
      10.140625,
      10.34375,
      10.140625,
      9.9453125,
      10.2421875,
      9.90625,
      10.015625,
      9.8046875,
      9.6796875,
      10.046875,
      10.1796875,
      10.21875,
      9.9140625,
      10.15625,
      9.5546875,
      10.109375,
      10.109375,
      10.0,
      9.7109375,
      10.28125,
      10.015625,
      9.7421875,
      9.671875,
      10.203125,
      9.7890625,
      9.625,
      10.15625,
      10.2734375,
      10.2265625,
      10.0,
      10.0703125,
      9.578125,
      10.3046875,
      9.6953125,
      10.125,
      9.9453125,
      10.171875,
      10.109375,
      10.0703125,
      9.875,
      9.734375,
      10.3203125,
      10.3203125,
      9.921875,
      9.875,
      9.9453125,
      9.6328125,
      9.9609375,
      9.8046875,
      9.90625,
      9.9296875,
      10.4375,
      9.8984375,
      10.171875,
      9.984375,
      9.640625,
      10.046875,
      10.3984375,
      9.8984375,
      10.0,
      10.203125,
      9.703125,
      9.6875,
      10.1484375,
      10.0390625,
      10.4296875,
      10.0625,
      9.890625,
      9.65625,
      10.0234375,
      9.984375,
      9.90625,
      9.8828125,
      10.328125,
      10.0234375,
      9.9921875,
      10.2109375,
      9.375,
      9.9453125,
      10.0546875,
      10.0546875
    ],
    "test_loss": [
      2.3038291335105896,
      2.302533955574036,
      2.3024780130386353,
      2.302759609222412,
      2.302852039337158,
      2.3026846575737,
      2.302590396404266,
      2.3026888823509215,
      2.3025039291381835,
      2.302460513114929,
      2.3025689911842346,
      2.3024537539482117,
      2.3025315260887145,
      2.302585380077362,
      2.302576489448547,
      2.302665057182312,
      2.302698783874512,
      2.302711238861084,
      2.3026980137825013,
      2.3027119302749632,
      2.3027036333084108,
      2.3027738308906556,
      2.3026990032196046,
      2.302656075954437,
      2.302641212940216,
      2.302799344062805,
      2.3027200841903688,
      2.3025951528549196,
      2.3026370215415954,
      2.3026636481285094,
      2.3027207040786744,
      2.302738826274872,
      2.3027934002876282,
      2.3026565718650818,
      2.30259165763855,
      2.3027251315116883,
      2.3028098583221435,
      2.3025945234298706,
      2.3025239944458007,
      2.302542314529419,
      2.302543957233429,
      2.3025134992599487,
      2.3025280117988585,
      2.302512686252594,
      2.302495002746582,
      2.3026359367370604,
      2.3025760316848753,
      2.3026273036003113,
      2.3025022101402284,
      2.3025270247459413,
      2.3026060223579408,
      2.3026247930526735,
      2.3025944590568543,
      2.30259104013443,
      2.3025957584381103,
      2.3026476955413817,
      2.3027942419052123,
      2.3026166272163393,
      2.3026525163650513,
      2.302563486099243,
      2.3027298283576965,
      2.3027038621902465,
      2.3026321506500245,
      2.3026095151901247,
      2.302497322559357,
      2.3026079416275023,
      2.3026080965995788,
      2.302514717578888,
      2.3025755977630613,
      2.302674882411957,
      2.3027032089233397,
      2.302633366584778,
      2.3025865173339843,
      2.30263671875,
      2.3027565360069273,
      2.3026377177238464,
      2.3026666116714476,
      2.3026314616203307,
      2.3026015615463256,
      2.30269193649292,
      2.3025773048400877,
      2.3026162290573122,
      2.302499141693115,
      2.3026039266586302,
      2.302547016143799,
      2.3026882123947146,
      2.302774724960327,
      2.302594180107117,
      2.3025315403938293,
      2.3026385855674745,
      2.302593460083008,
      2.3024992036819456,
      2.3025675344467165,
      2.3026022243499757,
      2.302630865573883,
      2.3027160120010377,
      2.3026361155509947,
      2.302620074748993,
      2.302652156352997,
      2.3025284814834595
    ],