{
  "config": {
    "run_name": "exp1_4",
    "out_dir": "./results",
    "seed": 778196258,
    "device": null,
    "bs_train": 128,
    "bs_test": 32,
    "batches": 100,
    "epochs": 100,
    "early_stopping": 3,
    "checkpoints": null,
    "lr": 0.001,
    "reg": 0.001,
    "filters_per_layer": [
      32
    ],
    "pool_every": 32,
    "hidden_dims": [
      100
    ],
    "model_type": "cnn",
    "conv_params": null,
    "pooling_params": null,
    "kw": {},
    "layers_per_block": 16
  },
  "results": {
    "num_epochs": 0,
    "train_loss": [
      2.3046467399597166,
      2.302754073143005,
      2.3029578566551208,
      2.302800781726837,
      2.302628147602081,
      2.302524678707123,
      2.302831268310547,
      2.3026907086372375,
      2.3026177740097045,
      2.3026838183403013,
      2.302870852947235,
      2.3026536440849306,
      2.302625789642334,
      2.3025037050247192,
      2.3027630400657655,
      2.302633810043335,
      2.3026569938659667,
      2.3027319502830506,
      2.3026369118690493,
      2.3026886987686157,
      2.3027757835388183,
      2.3027061557769777,
      2.30259929895401,
      2.3027845001220704,
      2.3026539397239687,
      2.3026403522491456,
      2.302687430381775,
      2.302556710243225,
      2.302704710960388,
      2.3026166486740114,
      2.302435121536255,
      2.3025834012031554,
      2.3026998376846315,
      2.302638599872589,
      2.302662467956543,
      2.30261310338974,
      2.302599360942841,
      2.3024672508239745,
      2.302529680728912,
      2.302761197090149,
      2.302812705039978,
      2.302680697441101,
      2.3025277352333067,
      2.3026753163337705,
      2.302743744850159,
      2.3026645493507387,
      2.302651433944702,
      2.302664122581482,
      2.3026914405822754,
      2.3025968647003174,
      2.302840452194214,
      2.3028457379341125,
      2.302679727077484,
      2.302672426700592,
      2.3025408411026,
      2.3027542281150817,
      2.3027116417884828,
      2.3025777077674867,
      2.3027271366119386,
      2.3026175570487974,
      2.302698292732239,
      2.302615020275116,
      2.3025685119628907,
      2.302619683742523,
      2.302453484535217,
      2.3025416040420534,
      2.3028008580207824,
      2.3025990962982177,
      2.3027769327163696,
      2.3027442407608034,
      2.302600014209747,
      2.30264981508255,
      2.302653820514679,
      2.302696495056152,
      2.3026380729675293,
      2.3027695846557616,
      2.302672493457794,
      2.3026314115524293,
      2.302698435783386,
      2.3026091289520263,
      2.3025623035430907,
      2.302820737361908,
      2.3027481198310853,
      2.3026532173156737,
      2.3025673699378966,
      2.3027711963653563,
      2.3027041125297547,
      2.3025110936164856,
      2.302683732509613,
      2.3027611780166626,
      2.302672493457794,
      2.3026949429512023,
      2.3026819014549256,
      2.3026577949523928,
      2.3026499581336974,
      2.3026140356063842,
      2.302646951675415,
      2.302675461769104,
      2.3026484727859495,
      2.302640800476074
    ],
    "train_acc": [
      10.34375,
      9.765625,
      10.0703125,
      10.109375,
      10.03125,
      10.4609375,
      9.578125,
      10.0078125,
      10.1171875,
      10.1484375,
      10.2109375,
      10.0390625,
      10.0703125,
      10.59375,
      9.9453125,
      10.4296875,
      10.2421875,
      10.0234375,
      9.734375,
      10.171875,
      10.28125,
      9.984375,
      9.875,
      9.90625,
      9.8671875,
      10.21875,
      10.2109375,
      10.09375,
      10.09375,
      10.375,
      10.4296875,
      10.1015625,
      9.8984375,
      10.25,
      9.96875,
      10.0234375,
      10.25,
      10.28125,
      10.3359375,
      10.09375,
      9.671875,
      9.8828125,
      10.6640625,
      10.0390625,
      9.9921875,
      9.875,
      10.0703125,
      9.7265625,
      9.8203125,
      9.90625,
      10.3828125,
      9.8515625,
      9.9609375,
      9.8515625,
      10.0703125,
      9.7265625,
      9.9296875,
      10.515625,
      9.7734375,
      10.1796875,
      10.0625,
      9.8046875,
      9.8984375,
      9.8203125,
      10.0546875,
      10.0234375,
      9.96875,
      10.203125,
      9.7890625,
      9.734375,
      10.53125,
      10.0703125,
      10.1640625,
      9.96875,
      9.8125,
      9.6875,
      9.9140625,
      9.875,
      9.8359375,
      9.9921875,
      10.2421875,
      10.3671875,
      10.1171875,
      9.859375,
      9.828125,
      9.75,
      10.265625,
      10.5703125,
      10.1640625,
      9.921875,
      10.21875,
      10.0859375,
      9.90625,
      10.0625,
      10.0234375,
      10.46875,
      9.890625,
      10.1484375,
      10.296875,
      10.1484375
    ],
    "test_loss": [
      2.303036437034607,
      2.30275336265564,
      2.302622232437134,
      2.302613615989685,
      2.3028851103782655,
      2.302837617397308,
      2.302626645565033,
      2.302685408592224,
      2.3025463891029356,
      2.3026601672172546,
      2.3028029870986937,
      2.3026920914649964,
      2.3027696442604064,
      2.3026570177078245,
      2.302564413547516,
      2.302676863670349,
      2.302768018245697,
      2.3026634812355042,
      2.3026278901100157,
      2.302583749294281,
      2.3024866127967836,
      2.3026118993759157,
      2.3026383090019227,
      2.302588577270508,
      2.302596402168274,
      2.302545404434204,
      2.302653157711029,
      2.302696852684021,
      2.3027420687675475,
      2.3027331972122194,
      2.3028885340690612,
      2.3029452300071718,
      2.3028340792655944,
      2.302778615951538,
      2.3027717018127443,
      2.3027573156356813,
      2.3028987550735476,
      2.3030147194862365,
      2.3030217242240907,
      2.302875418663025,
      2.3027211809158326,
      2.3026728081703185,
      2.3024781465530397,
      2.3026300406455995,
      2.3026084542274474,
      2.3026363134384153,
      2.302574806213379,
      2.3025349473953245,
      2.3025883340835573,
      2.3025873637199403,
      2.302569487094879,
      2.30262526512146,
      2.3025313663482665,
      2.3025333786010744,
      2.3025141096115114,
      2.3025345516204836,
      2.302595143318176,
      2.3025827741622926,
      2.3026324820518496,
      2.3027401518821717,
      2.302650306224823,
      2.302768015861511,
      2.3028321647644043,
      2.302824628353119,
      2.3028974819183348,
      2.302708075046539,
      2.3026512980461122,
      2.3026907587051393,
      2.3027115845680237,
      2.3026503777503966,
      2.3026631927490233,
      2.302703330516815,
      2.3027833771705626,
      2.302735698223114,
      2.302701244354248,
      2.3026138401031493,
      2.3026529598236083,
      2.302657654285431,
      2.302767429351807,
      2.3027886033058165,
      2.3028247213363646,
      2.303011107444763,
      2.3026417803764345,
      2.3026738214492797,
      2.3026760244369506,
      2.3025702118873594,
      2.302718539237976,
      2.3028548073768618,
      2.302774422168732,
      2.302635576725006,
      2.3025936555862425,
      2.3026076793670653,
      2.3025894927978516,
      2.3025997614860536,
      2.3025599575042723,
      2.3025918865203856,
      2.3026726722717283,
      2.3026032137870787,
      2.302594096660614,
      2.302499177455902
    ],